Description,Sequence,Epitope_1,Epitope_2,Epitope_3,Epitope_4,Epitope_5
tr|Q2F8B1|Q2F8B1_ORFV mRNA-capping enzyme catalytic subunit OS=Orf virus OX=10258 PE=3 SV=1,MDAPSLDCMLAALAAKAASVDRGAPEDEVHHEVELVLVDPPLSTLAATLRLASETESFILFTVTALAKEEGKLRARVPMSRVVGLDVKNVQLVNAIDSIVWERKALVEETALQEGCLLRHSTERRHLFVDYKKYLSAIRVELVNRVRVRSKEVVADFKFKYFLGSGAQAKSSLLHALNHPKVRPSPTLEFEVVPAGEAVDEAAVLAELRAVAKALFMAPTDAVFLAPPAEMPVRTLMLQKQEIPALDLDGLFAVSKTDGVSASVCVDEDGVFCAFSHLAYTIRYPLAREVQGRYRLWCEAVRPVGERVWSMFVLVVEEPAGDDRVAAVAGAVEALRGVCARVEFKPKRVDGPFSATSELVEHIKSALQTEPEGVVLFYARGEKSKRDLKVKRDNTVDQTTNVMFRYMSSEPIVFGEGSTFLEFKRYSNDRGFPKEYGAGRIFLREDVVYHNNIYCIEFTKTHLEVGLRSVVVPVKFIGEFSQEGYLLRPRLAKTECYFRNPSFYGNQHSVVLEHTRDQLLSVGDVFDESRMAAVGQTLANDAFRLNPDTPYFTNRRTRGPLGVLSNYVKTLMISLYCSKTFLNNAERRKVLAVDFGNGADLEKYFFGEIASMVATDPDARAIERAMERYNRLNAGLKSRYYKFNYIQETIRSETYVESIRQVMYFGRFNIVDWQMAIHYSFHPRHFATVMRNLRELTAPGCKVLITTMDGDFLSTLSEKTSFVINRNLQESENFMSIERVADDQVMVYAPSTMAQPMTEYIVRRADIVKLFADNGFDLVDHANFETVIRRSRRFVEGVSRLETRPSTKNFFELNRNALTEMDSTDVAALLKIYVLYVFSKR,GDVFDESRMA,TEMDSTDVAALLK,EIASMVATDPDAR,GNGADLEKYFFGEI,ARVEFKPKR
tr|Q2F844|Q2F844_ORFV Serine/threonine-protein kinase OS=Orf virus OX=10258 PE=3 SV=1,MILARAGGQPRTPAAAAAAAEDGEHSDRRKRKRKTPNCEDADNSDDELAQTPCDREWPDCRASSITSSDSVSLGDEIYLRYVASQVDFAQTWAPPVRLLRFFGNFSKETLNRMSRRGYVNRSYFQMAHARFSPTNDDMYHMATGGYGIVFRFDRYVVKYVFEHRNGMSEMDASTEYTVPRFLRNNLKGDEREFVVCALAMGLNYRLGFLHSLYRRVLHTLLLLMRVEEGQRPSVEMSKKPLLRWFEARKDSESFVRLISYFYPSAVQSNVNLINNFHHLVHFFEHEKRARYVFDRGAVIVFPLARGSADSISPEAAAALGFAPHSEFLKFVFLQIALLYLKIYELPGCTNFLHVDLKPDNVLIFDSARALSVTAAGATFRFEEPVRAALNDFDFARVATIENRKIAGSVRVPQNWYYDFHFFAHTLLRAYPHIAAEDPGFHALLSELTVSCSRGTCDRFRLRVSSPHPIEHLARLVRRDVFSRWINAAADAPDAAALS,YLRYVASQVDF,SCSRGTCDR,FVVCALAMGLN,LYLKIYELPGC,FYPSAVQSNVNLI
tr|Q2F894|Q2F894_ORFV DNA-directed RNA polymerase 19 kDa subunit OS=Orf virus OX=10258 PE=3 SV=1,MEESVAVEYADEDEDEIEEYEEEDDDEEEESAEGAAASSVSDVALSAAEKLVASEVPDDAAAADTNVRQRVTARVEELKARYTRRMSLFELTGIVAESFNLLCRGRLPLVADAADPALDNELKVVVRELEEGVCPIVIEKNGEFLSPGDFDPECLRYHLTYMTDLWKSQGRM,DAAAADTNVRQR,RYTRRMSLF,NA,NA,NA
tr|Q2F8A3|Q2F8A3_ORFV Nucleoside triphosphatase I OS=Orf virus OX=10258 GN=ORFV072 PE=3 SV=1,MTSAHAAYIDYALRRTAHMPSEMQGVEESVRLKDYQLFVARVFLGLDSMHSLLLFHETGVGKTVTAVYVLKHLRDVFTDWTVVVLVKKALVEQPWTSTMMRFAPEAVPGCTFINYDDPRFHHRFFTLMKTASSSSRVCVVIDEFHNFISMSLTKEDGRQRPARTVYNYLAKNIPMGRGKLLCLTATPVVNSVKEFSMAVNLLRPGVVGQTPLFNGGALANPEDLVDKLGGLCSYLVTNEASIFDDVDGSAAFARKRVRMMYVDMTAKQTEAYRRAAAMERKSGAAVFRVYRRIAATFAFEDAPDKSVLSKQEYDEAVAALFLDFARAVKDRVFSEAAMRLFRSGAPVSGDRMTSADVSLLAELRERSCKYTEVCLRILASPGKCLVFEPFVNVTGIEMLLLYFRAFGVSSVEFSSRTRDTRAKLVDAFNACDNTDGEKIKVCVFSLSGSEGLSFLSINDIFILDMTWNEASLRQIVGRAVRLNSHEMTPPDRRYVNVHFVVARQDSGAATVDEDLLALIRDKSRQFTQLFRVLKRCSLEWVREAFTDFAPLEDDSGWSALVARPADARGPARAARLADGQSVWYSTSTALVTVRKGFLERGGRLFDDDGNFLTALGDPPTVRVSGGRLVYVVDPASIA,HFVVARQDSGA,HHRFFTLMKTAS,INDIFILDMTWN,GALANPEDLVDK,RERSCKYTEVCLR
tr|Q2F8A5|Q2F8A5_ORFV DNA-directed RNA polymerase 18 kDa subunit OS=Orf virus OX=10258 PE=3 SV=1,MSTFRQTVYLAVTLQPHELTLDFRGNVAEAVMREYLYKEKGGLMATDIEVCLGNEMPLGRIVNNAVVVSVPCNVTFKYYRVGDTVSGTLNVEDETNVFVDCGDLICQLGKSSGGVTFNESKYCLVRNGVVYEHGSRVSAVLREARSGRESAFVFSAVLLDGVPAEEKDEKKDEGEKAAEEETPASPAAKN,TVYLAVTLQPH,IEVCLGNEMP,GDTVSGTLNVE,VNNAVVVSV,QLGKSSGGVTF
tr|Q2F8B9|Q2F8B9_ORFV DNA-directed RNA polymerase 147 kDa polypeptide OS=Orf virus OX=10258 PE=3 SV=1,MSVVARVSYSLYSQSEISATDVVISQLKNDEDLGTVKDPRLGASDGSICRTCGLTEMECFGHWGKVRIYESYIVRPEYIPEVVRLLNHLCVRCGLLRSRDPYTTDLAALSVHEMRKMKDRMMSKKKACWNSKCLQPYQKIVFSKKKICFVNKVDEIPVPNALIYQKLTSIHRKFWPLLEVFQDPANLFYKEYMPVPPLLIRPAISFWIDNIPKETNELTYLLGMIVKYCSMNAEEQVIQRAVIEYDNIKIISSNSSSINLSYIIAGKSNMLRSFVVARRKDQTARSVIGPDSALSVCEVGIPDYIRNTLTQKVFVNYLTSKRVRALFEDRAVKFYFNKRLRQLTRIKEGKFIKDKIHLLPGDWVEIPMSEGTNVIFGRQPSLHRHNVISSTARASPGYTIKIPPGIANSQNADFDGDEEWAVLEQNPKSVIEQSVLMYPVTIFKHDAHGAPVYGSIQDEIVAAFSLFRHQNLSLDEVLNLLGRYGRDFAPEPGQKTFSGADVFRFMIGADINFKGVLENGRVVAPNVDSDLVVAMRATSLAGLIADYATNVEGVRFVDMASYVYKRYLAIYGFGVTFRDLRPDPSLVRRLHALNTEKIEQIKDAYSRYLQDVADGKLVPMAPADEADALDSLLANLTNLNVREINEYMRETLERNPDNSLLKMARAGYKVNPTELMYLLGTYGQQRVNGAVAETKIYGRVLPYAFPDSADPEARGYIINSLMNGLSGSQFYFAMLVARSQSTDIVCETSRTGTLARKVIKKMEDTVVDGYGQIVSGSVLLKYAANYAKIPGSTTKPVELLFPHESMTWFLEISALWTKIRHGFVRMHRQRLATKILAPFNFLVFVKPAPSEAEALSARDLYHMIQRVMNDVREKYFFSLANVDFMEYVFLTHLNPSRVRITRATAELIFRKLYQKLNALLGGGTPVGIMSAQVLCEKFTQQALSSFHTTEKSGAAKVKLGFNEFSNLISMSRNHTEIVALTAPSADKLMPLKVNFEFVCLGELVPEIETRPSGRPSVHRVDITVHRLRIKRAHLTEVLVDTIIERFVSFNVLVKEWGSDMTVEGDRVTYTLLLRFVEPEQLNFHKFMLVLPGAANKGKVSRFKIPITETTVYDDFDAARKAYRMNIELMSLKELGIFDLEDVNVVPGMWNTFDIFGIEAARGHLCESMLDTYGTGFDYLFPSCDLLASLLCSGYEPESVNKFKFWNASALKKATFGDGRALLNAALHNRTDAVADNSSCHFFSKTPCVGTGYYKYFVNVEMFMRMEREIQARVAARKMEEIEEAAEEEF,FKIPITETTVYD,SVIGPDSALSVCE,KIISSNSSSINLS,SQNADFDGDE,VNYLTSKR
tr|Q2F8E3|Q2F8E3_ORFV Protein OPG079 OS=Orf virus OX=10258 PE=3 SV=1,MKRAVSKTTVASNRAPQQEDAASARRFGENQAMSCTDAINFAKSLSSSQTKVIEAVTLTPSQYPSCSNINVCLVESLASKLVSPLIVVKGEFKIYPSKKTDMQRQNDSGYFGRLKPVSASPLLYQLLENIYDNIKTGARVPPSLRNFNTETAIDNTFKSGCLYLNRLTGALLEFTSDDDTQPQICPLTREIENLATRDAQMATLILAPVVFYRSGGEGKVTFAVKKITMPRECSLTVLGLEGEQTCVRMSETQTTFNEEQDVRGLGVVEPGAGFEDEELEAPFNI,KLVSPLIVVKGEF,YQLLENIYDNIKTG,TGARVPPSLR,KGEFKIYPSKKTD,NA
tr|Q6TW15|Q6TW15_ORFV Late virion membrane protein OS=Orf virus OX=10258 GN=ORFV085 PE=4 SV=1,MRPCYVTVIKSIGGLALFQVANGAIDLMRHLFMHFCEHRLRSNTFAAVVFKTVISMIMYLLLGVALIYMFSDPECSGGERAPTPMATRGTQTG,IMYLLLGV,TVISMIMYLLL,AVVFKTVIS,NA,NA
tr|Q84147|Q84147_ORFV DNA topoisomerase OS=Orf virus OX=10258 GN=F4R PE=3 SV=1,MRALHLSDGKLFFDKELTQPVPDDNPAYAVLAKIRIPPHLSDVVVYEQDLESAQQGLIFVGRDAKGRKQYFYGRGHVERRTAVRNAVFVRVHRVMNKINAFIDDHLASGSEAEAQMAAFLLMETSFFIRVGKTRYERESGTVGMLTLRNKHLAEAEGGEEIRVAFVGKDRVAHEFAVREGQRLFAALRRLWDPGAPDRLLFDRLSERRVYTFMRRFGIRVKDLRTYGVNYTFLYNFWSNVRSLEPRPSVKSLICTSVRQTAETVGHTPSISRSAYMATAVLELVRDGAFLDRVAATDTLDDFVDIVVDYVNNSEQVNG,TDTLDDFV,RVAHEFAVR,KLFFDKELT,DDFVDIVVDYVNNS,VDIVVDYV
tr|O72122|O72122_ORFV DsRNA-binding interferon resistance OS=Orf virus OX=10258 GN=OV20.0L PE=4 SV=1,MACECASLILELLRKSDDKLPAKQIAKELGISKHEANRQLYRLLDSDEVCCEDGNPPRWFVECAPSAPTEEDENSDTEPMETEAGCDTLFGGDIDIMTQSAVIRLKSLNPVSAVNEFCMMTHRPLEFCETRAGGEDHCPRFTCTITISGKVVAVADGASKKLARHTACSSALTILINNCGISF,FGGDIDIMTQSA,DTLFGGDIDIM,CETRAGGEDHCPR,CETRAGGEDH,NA
tr|Q2F845|Q2F845_ORFV Ankyrin/F-box protein OS=Orf virus OX=10258 PE=4 SV=1,MDAAEMEDLDINAESALYDYFILNADRARVGEVVMLLAQGAEINYADSFDKTPLHLYLHTRHPRSDVILALMEAGAVVDTPERCCGATAAHLYILNAAKVDLSVLEAMLTWGVRQNDQHSERLLSSLLREYVVTRAYSDQTEPIMDLLIGMGADVDMPVGVSRTALHACLTGLNANPCMIRALLRRGASVTAKDTYEMTPLAVLLKSASATPELVRILVEAGSDVSATDFRLNGMLHQHAQSTRPRASVMRELIRLGCSPAAKNMFGNTPMHMLAMESSCRRSLILPLLEAGLSVNEENPHYGTVPLHVASGYDNTQGCLKLLRHGGDPTVVSAAGRTPLSNMLVKRNHVAVAGALSTHPSAAVVVQALEQALENVLNAGPSEASRLAVAFVVARAGASALPEAVRRLHEGFVADCEREVELLSRTMLGTPAVSALVVLVSKEVFGTVISSRALRVVREVRVYARPLREALINLRHKCRLVSSLKRQVGPCSLPGELVERVLATVPLTDLRRSCGRRAPE,HLYILNAAKV,MESSCRRSLILP,SRLAVAFVVA,NAGPSEASRLA,LAVAFVVARAGASA
tr|Q2F846|Q2F846_ORFV Ankyrin/F-box protein OS=Orf virus OX=10258 PE=4 SV=1,MDFLGAALHDYVADAPKVCAEEVRRLLAAGASVEYAGEFGKTALHQYMGRSGADPAVVRALLDAGARVDLPETCCGCTPVHLCLMAANIDVEVLRMLVHEGRVEDCGRAELASVVLKEFVVNRAFDENVTERVMRVLVAAGADVNAASVVDRTPLHVCLTGMSTHPGTIAALLRFGADVNAVDLCGMSPLAVLVRSRAATAELVRMLLDAGADAHAVDSRLDSLLHQHFQSARPRPEVVRELIRHGCSPRARNRIGNTPLHEAAKHSSCKHSLVGPLLAAGASVDARNNTGRTPLHLAVASNPRACRRLIALGADVVARSYAGVTPLAQLIADNNSALVTAALNTQPEPRAVAESLRATTPVGETACSRLCVAYVVARAPSEVLGEPERALHAAFVAECLAEVAAIHAVRCGTPPVSLLEILVAARPPRSLLSRRAWRLASRTTVYRAPLRARIAAMRHRSRLVERALRTLRGCVLPREVLERVLRCLSTQDLRASGLAE,LLAAGASVDA,LRATTPVGET,CKHSLVGPLLA,ETACSRLCV,VVARAPSEVLGEP
tr|Q2F848|Q2F848_ORFV Ankyrin/F-box protein OS=Orf virus OX=10258 PE=4 SV=1,MADEREADGALFRYLESEDRPDVEHMRRLLDEGADVNYAGPRGYAPLHMLMRGNPLDPDAVRLLLAAGADVNATSLCGFTPLHSYMCFGTVTPDTLRALMRHGASVSDLERNINALIEYFNRDGCMGGAEATVIALLVEHGAHVNAKDDLGRTPLHIYLSGFFVSAPVALALIALGANPNATDAYGRTPLHAFLRSRDVDPAVLKTLIAAGADPLARDIIRRTALHYHCESFKTRASVIETLVAAGCDPASTDLLDNTALHSMAMGSSCRASLIRPLLAAGVSVNARNARLQTPLHLAAVFNPPACARLLAAGADPALADLDETTPLLSMVRHNCARALRTALPLAPDALVAGAVNRVNARTPSAATRECVMALALRGALDLLSAESVATHAAAIRACEAEVALLRRTRLGAPPTTLFALLTGRPNTLVSAKAARRAMADVCVYRAALAARVERVRRKSSLVERLTAMVCPCALPPELVTRILALLTVEELACAMRK,TDLLDNTAL,PPELVTRI,KTLIAAGADPLA,AAIRACEAEV,HYHCESFKTRAS
tr|Q2F850|Q2F850_ORFV Uncharacterized protein OS=Orf virus OX=10258 PE=4 SV=1,MDPAGQRLRAPGPWRLNPPTAAALESALLRPAASAGADRCANAHVDRRNMGVGEGREVPADVEGLMTEIHLRYGMTRVHRNVHFVQFWHGEHVRRRPARHVFTVWICLSGEVRIYAECCQAGHGFVLCRQMAAGYMFVTEPTDSVTVSVPHRLRNSRSPVWLAAVFATRHFEPLPPPMYAVPGHVVLARSASMLCDCWPSDPRRRNVIFYMRLSGAMVRVVVPGAELEIECTSGFRPDHFSINDECVCCERPHVARTAVWTLAEICRGATVVLAPPLPRDRAAGLLAEIRLASLRWVRVRAVRSGRESVGPFPSVVWAAVFSAVRLFLDGTVPAFPACVENGRAAYGMVYVPPEEPRMDGLCVFPTPAEPAALFVRGDQVLEAGAAAAIIAAAEKRVQAANGSPAAAEEDIGAAADAAAESVEQDQRVEFDLGPGPDPSQEAPADAQRADSDDDTGSETETGDESVGGEDDSDSSSSYSVMSDDENDSGDEGWGDSSDSGIEDDDGGVGQAAEEEEEEERDVLGAAAQMLGD,MFVTEPTDSVTV,PAEPAALFVRG,AADAAAESVEQ,GDESVGGEDDS,GDESVGGEDDSD
tr|Q2F853|Q2F853_ORFV NF-kappa pathway inhibitor OS=Orf virus OX=10258 PE=4 SV=1,MAGFLGAFRGVCSDLWQSLRGHGHHSSSCPRRRANSMDDRDRRRHRHREIPNSSASLNSDPMPQRSAGARRHYDCRPSEKSRHSSDKHHSADRHHSADRHQSADRDRHRRSRKNYDSHPSRRNRNYERADYQRHPSQTHPDAPAQTSTLKVTSLSTSCSTLSQHHYETPDHIYDIPEDSRGASAPPRADLALPPLAMPKSKPRRTRPASMNDCLMKHCGAGRPNLQDDICTLCTDIETQLSALEKSLESELNFYRRYIQDTKTLLATRAANIGSKALIYTDDYNGSGDVGEKEHCSEECCKVEEVL,LSQHHYETP,NSMDDRDRRRH,SMDDRDRRRHR,LKVTSLSTS,ANSMDDRDRRRHR
tr|Q2F854|Q2F854_ORFV Uncharacterized protein OS=Orf virus OX=10258 PE=4 SV=1,MRLILALVACLLAAPMPLSGRSTSTPNTSPSALGSTSSEPSSEDAVASSTTTSTLTSTTSTLTMSTSVDTTTTSGATTSANSTPAASVSSSTPATTEASTAPTTPSTPTTVKVTKGKEDTKASAYLVLLITFMVMTTLVMVVVVVVVVYKQGLCNCCCKFPCCKELKDYLDEEESAGLYDALTWSHSDSGLRLVVRADPR,TTSTLTMST,ITFMVMTTLVMV,TTSTLTSTTS,ASVSSSTPA,TTLVMVVVV
tr|Q2F858|Q2F858_ORFV Uncharacterized protein OS=Orf virus OX=10258 PE=4 SV=1,MSSSSSETTPKPKPIPAPPMTQEEFNKEVKKRKEQKKEKSRTVERESETVTVSSDGSEIKKTYERESERTTETEKNNTSTDDNKQNTPVEKPEETKPASTPEGVKPAETPAPTTDPQPTTQPPAESNPGSQPAPASEPTPAPEPAPEPTQPASVTQPAPTPEPSPAPKPTPASEPTPASEPTSAPEPTPSAEPTPQPTVETPPSAPAPTPEAQPPANSNPTTETTTGTSTS,VSSDGSEIKK,PASEPTPAPEPAPE,NA,NA,NA
tr|Q2F861|Q2F861_ORFV Uncharacterized protein OS=Orf virus OX=10258 PE=4 SV=1,MEVLVIISIIVAVICLTGAVMYLLIELGLAAERANKRARVKKNMRKLATQLGNGSVDSGIGIGPCIMSRTMDSGPSRWDSDSEDDGDSLSTTSTSGGGTLTRVWVGSAGPMYENFCGNGTRHSPTNDPGYHSRETLCSGPPRQAPALPPTPKPDEVTVDVGPGPDDQHGPYEEPDPIPPQEPEPPVQIEVTINGPGGEGEAEGEFFYDE,GGTLTRVW,IIVAVICLTG,TTSTSGGGTLTRVW,EGEAEGEFFY,LATQLGNGS
tr|Q2F863|Q2F863_ORFV Uncharacterized protein OS=Orf virus OX=10258 PE=4 SV=1,MSRLQILTSFGQIFAPDEARLREIARDLGICTIKRAFGDMLYGFIDFDPVPLTQVNMLMSNCYFAVNGNLLPCTEDFRLRLPATEISAAYLTRTGRTILCGKDFNIVAPSGFKPSMRLRDLSHVSALVEILEVYDESGEYQFVLGPSAQFMLRLMEKENVCLFGSGWCIVDLRKLDVPI,FRLRLPATEI,SNCYFAVNGNLL,ATEISAAYLTRTG,PSAQFMLRLMEK,NA
tr|Q2F864|Q2F864_ORFV EEV glycoprotein OS=Orf virus OX=10258 PE=4 SV=1,MGCCKVPNRQSIRTLKKASCPVASLVTILSLVTSLGAIVRYTNFFLKEACDEGWMPIKNICILNTHFEATNDDAHRICENLDGKPPAIPNPTLLKGVTVLTGEKKFWMTHHEDYTTVFEHIDDRTTPKNTDYDSKKHTCLMSEDGLIHHNCMMNVTVVCMKEMHG,NVTVVCMKE,VRYTNFFLKEA,VASLVTILSLV,NDDAHRICEN,IRTLKKASC
tr|Q2F865|Q2F865_ORFV Protein OPG161 OS=Orf virus OX=10258 GN=ORF109 PE=3 SV=1,MAHNTFENDSESAANNQYVASVKRQKMIRRYIKMFFRFVTAIAIIVLAILVVILSLSLDECLHREHPHDYSHVQNSTCDGITLGGEKCLRLNLPATWEDANRQCGNLGFYLPSTGLEKKFPWLVTYLDGTWGNTQNSVFGPTGDLQNVIGPKEYKYFCVSD,GNTQNSVFGPTG,GITLGGEKCL,SVKRQKMIRR,NA,NA
tr|Q2F866|Q2F866_ORFV DNA packaging protein OPG160 OS=Orf virus OX=10258 PE=3 SV=1,MDVVQEVRFKRESLIEAPFRMALVGGSGSGKTAYLLSLFRTLVRRFKHILLFTPVYNAAYDGFVWPDHIHKVTTHEELEYNLSVAKRKIERHAQTKKQKFLIILDDMGDTQTRSPTLLGLMNYGRHINVSLVLLCQTYKHIPVNGRASITHLCCCNVSDSDVENVLRSMSIRGSKKRLIRAMAIMRSAGTRRVLIIEDSVFCQNQERICYDFADESVVKRCLDPGILLAQFSHMKTRLADIVDAETKGDCKDGGDKGDDADSDGGN,ALVGGSGSGK,SVFCQNQERICYD,VSDSDVENVLRSM,KTRLADIVDAET,NA
tr|Q2F870|Q2F870_ORFV IMV surface protein OS=Orf virus OX=10258 PE=4 SV=1,MDAVSALCVALAAAAAMFVALQLWAVYENYDNIREFNAANAALEFARTAGGPRVDRRVFDPNDEAFDVRKKWRCVLFKGAAVAASEFGFRSHDGVSPGRFASVEACADEIFTAASDFRVFNPCLPPNQGSEACLFLKSIL,EIFTAASDFR,RTAGGPRVDRRVFD,VFNPCLPPNQGSEA,NA,NA
tr|Q2F881|Q2F881_ORFV Phosphorylated IMV membrane protein OS=Orf virus OX=10258 GN=01orf_00087 PE=4 SV=1,MESYFSYYNDEFTAGGVQDAELFSPEEQNAFLPKDPGTADSPLVPANPRPVPGGNIAPYSVLQYEDIRILTGIVIFVLALTSTPVLALVMIGIASLILPLPCLVIGYCAAMQIMHPYAANNTGMAIVCTIMSIVTIIVTHVTGSVGATTFMYIVLGLLFAIYAFRLTGRGIVRTRSAAPACPVYAGAKSEDLFFAE,PGGNIAPY,GATTFMYIVLGL,IVTIIVTHVT,ALTSTPVLALVMI,IVTIIVTH
tr|Q2F883|Q2F883_ORFV Uncharacterized protein OS=Orf virus OX=10258 PE=4 SV=1,MFLDSDTVVVAVPGTSFPEGLFDRQGRPLRPGSTPTMAYEDPVPRTARALLLVNPTAGQLAAVAAGAPAGVRVLVLVDVARRDMPFSVV,VVAVPGTSFP,PTAGQLAAVAAG,NA,NA,NA
tr|Q2F885|Q2F885_ORFV IMV membrane protein OS=Orf virus OX=10258 GN=ORFV090 PE=4 SV=1,MDIFETLSSYYSGVLICGVLLLTAACVFAFVDFSKNTNNVTDYVWRALCVTCFIVGAVLLLGLFVFSMYRKCSGSVPYARLNNTDIELTAR,LTAACVFAFV,AACVFAFVDFS,TCFIVGAVLLLG,TCFIVGAVLLLG,NA
tr|Q2F886|Q2F886_ORFV Virion membrane protein OS=Orf virus OX=10258 GN=OIHUMI_43 PE=4 SV=1,MGLLDALLTVIVISIVCYIVIMMYRRSCVSAPAVPRNKDLLPPGASSFEDKMTDDQVRAFHALVTSSPGDNPAPAPTAESPVARNRFSAASS,VTSSPGDNP,SSFEDKMTD,ASSFEDKMTDDQ,ASSFEDKMTDDQ,NA
tr|Q2F887|Q2F887_ORFV 25 kDa core protein OPG138 OS=Orf virus OX=10258 PE=3 SV=1,MASEKMAQRPQSSYDDYVSTLQKIAPQLRSLLTQLNNEQVIRGGAAADVDCVGGAGALEASSSTRRGSASSSSSRKRTTGTRSTGSRSTGSRSSGTRSSGSTRSRRSGAPSRRNNDGGCGGMNAFDSDETTIQAVSNCGKIVYGVVKNGKLDVQGTVGEVCEDLLGIDSVNGGRKKSSSGRSGTGTSRRSGTGTGTSRSGTSGTSRRSTTSGTSSSASSSRRRASSSNTPCSTTSSASTASTGARRRASNLMNAMDLDGGMC,ETTIQAVSNCGK,NEQVIRGGAAADV,NLMNAMDLD,TQLNNEQVIRGGA,NA
tr|Q2F888|Q2F888_ORFV Protein A11 OS=Orf virus OX=10258 GN=ORFV087 PE=4 SV=1,MTAVPVTDIPGDYGPTSFSEDNYPLNKHYELTKGQLSILRTVNDKLLARTVQHSDGESDESESEEDDISSPLPPDEEEPDSCVARVMPRDADLAAPKKADGYIIAAEQQRQQRINILVSDREAVVEREPVQTSFARVSAIPIHGDGARRTTASFSATTPSLGAVFDDAKRVRLLEEEVKELRRKCATSQDNGNLENFTKVLFGKAPRASELNKRVVIVNYATLNNVTLSMEDLEKCSDEEVDRMYSVIRRYNETRKKKILVTNVVIIGITVLEHVLVKLGFSEVRGLSADLSSELIDVEIGEDCEHIAERLGFGNSPVLNVALFVVKLFVRKLNLI,QDNGNLENFTKVL,TVNDKLLARTVQHS,ASFSATTPSL,NA,NA
tr|Q2F892|Q2F892_ORFV Early transcription factor 82 kDa subunit OS=Orf virus OX=10258 PE=3 SV=1,MLYTVAPQLVVLVGRHQEIERVLYLSLYDSVDEASPIYFFAKQYIQKDPEHVRRHILLTMRVRQLKGYLGSLLGLQDEIIVYSHKNNLEYSYVDNTIFNPFSPTQKKTLIRTDGILYNAYADACNFLVVWVARAADTSAPEFGSFEEPNDSILKFEERLIREFANLDLNMNVETKFNNIFRTNLRESGLRAIAQQSPDKRAEVGDFDILLSKTDDFFVSMTGTRFLLVDEPLNLSVWGPEGDLVISSDGKTLTVNDVSLFTKLIESMDVKMDRVKGDITYKVSLNTTITSKMKLDMETSFIFVETATNNILLSTDKRISIILAKSHVSVKVKNYIPNIEKYFTFLIVAISVMFNNVKQSSDFTKVETVYWSRICQNTKTKNRKPVIVQSLDANMAKVSNNFFKSETREVFVNGNGVMFSCMDPDGRYNSVGFLSIFHRLQRICIPCCFLRSQAHTDTFKSCVYDEEVDRSALNPYILNFGKVVTESKLSFLPIIFDKYFNEGLEADFEADNKRLRATAGYYVVHCCEGAIVRLRTVSEIVSYVNASGNVLISGDMVYFPMRLAETAATRILIQEIVHDVVRIRKDAATDAIHLDQDASGRLASMFPHKAARRVVREENGLSLTTSGFFVDGKRFAPKLTSRFTAFVRNATVPNAVSRHFAKLFRHVVTDAPDRFMKTWSVNCALKLGVEPDSARAPALLQEFYPQP,AGYYVVHCCE,DKYFNEGLE,HKAARRVV,ADTSAPEFGS,LGLQDEIIVYSHK
tr|Q2F895|Q2F895_ORFV Virion core protein OS=Orf virus OX=10258 PE=4 SV=1,MDLRRRFASDLAKSKLVLSETSSSLFTKCPQTVVPAPEQPCPPDEEVDSVDKYTVKEAGRYYQSRLKSATACMQRPTTGQSPLAPSLLPRGAKVQSTPLNVMPAACSTPVAACSATAVVCPAAAPACPPAPACPAPAPACPAPAATCPAPAAPCPAPAPAPACPAPAATCPAPAPAPACPPATAPTCPPPAACPAPACPPSTRQCPPAPPLPTKPAPAAKPIFLQQSLPPPQYPASSCPTIKAPAASPVLESRVPDKVINADNDKDFIKKELADIADSVRDLNAESLSLTRDIETAKSVTQSAINDLRRLLTGSVATLESPSTLRDRVDNTGTS,ACMQRPTTGQSPL,PQYPASSCP,VAACSATAVVCP,DKVINADND,LESRVPDKVI
tr|Q2F896|Q2F896_ORFV Virion core protein 4b OS=Orf virus OX=10258 PE=4 SV=1,MESPACASDFFNAKFDLVPGYDNAGMSLECDHIHIPKQSLSCAVCSSLLSINREDMVSAGARAQRPVRSSSQRRSSRRSRSSSSRGSSARPSSARPGSRQSGSAAQSSSDSVLMPVDRMTSMHDWQMKIRKEGEMIADYLRSTRRDHKNMTIQELMSVMAKVGIQNRDRSELFDLLNSVRAAMTDSGLSVSQTHPLVIIYGRNSTRVNKQMKEIDDLQSMSSYQNLLSATQFQSVHFKDMSSSGDLLFSFKSSDSVGFVHPIAMALFGVKLPAIESAFVNGDSLSLLAQLHHNSRVRPNNYQLLVNKLTEETPIVMPGVGDSVSMEIQRAVLHTNLRRCILNLRMGVFYCESDESIDNALMKIIHPSCASIMTDEEQILASIFSIVSFKPTLVSVSRPSFGTGIGGMGDMAMHTVPYLVVDSSKMITTSTAPIHVGGEQPFSCTAEAGRVLYMPAQNMGAVSRTDVASAVCAASGYLYERDRAPVITNGVLVFLVNRRGGMASTGDCFTNMRPVISDIPIEVSQDMMLNGIMYRLVSAVCYRVGDGIDNCSGADAFANGYCTILFTDAGPWLYDPMTVLSRSAREARLMRAMRNTFAQESGAGGDGQCLNEWLRGDGAAAMAAKQSQHMQHKAMFEDDLLTMEEAMLMISRYCTILIYGQEYDPYMSSRNMCDVLC,ELMSVMAKVGI,DRSELFDLL,AVCSSLLSINRED,EAMLMISR,SVGFVHPI
tr|Q2F897|Q2F897_ORFV Thioredoxin-like protein OS=Orf virus OX=10258 PE=4 SV=1,MGDNVWFAAYSVELDPPRRCTRCSLNLTRVINEDPENARMLLLSQPGRARALAGFLQFCRTRTLDTKVLDREILRVLGLEQA,RCSLNLTR,TRVINEDPENA,NA,NA,NA
tr|Q2F8A9|Q2F8A9_ORFV Virion protein OS=Orf virus OX=10258 PE=4 SV=1,MADGSIYYCGGTHVVAAAPGAALVVLDAPGAAAAAAPAGQRVFFAEYGLEKRAGGPITARLRRSGFRGAANAWASVADFEAGGRPSAWTLRAEEASRVPLPTDAALVLAWGAREEPLRACVLARAADAEAPVGAALKEAAFDARAPAAALFAALGAPALAPPLRARLVAPPGAPPRTRLCENPAMLRAFAVGWFGAQLGEASENEKVFAAFDKARSCLDDR,YCGGTHVVAA,AEEASRVPLP,PGAALVVL,CGGTHVVAAAP,GTHVVAAAPGAA
tr|Q2F8B2|Q2F8B2_ORFV Uncharacterized protein OS=Orf virus OX=10258 GN=01orf_00057 PE=4 SV=1,MDEALRVAARVVDGLRPLDVAVCLAQLRGAAPERRFPALDECSGEAFLDFEFAGGDVASRYLSAHTRELRAAERREHMAAIARCVTEADLALADRPRGKARAALRVCRNREKVARLARLLRDAESSGADFAFIRAAVA,GAAPERRFPALD,RVAARVVDGLRPLD,APERRFPAL,APERRFPAL,NA
tr|Q2F8B4|Q2F8B4_ORFV Late transcription factor VLTF4 OS=Orf virus OX=10258 PE=4 SV=1,MSSWRLKMSKCSGSSSVQTLEDLRNRLRSEALGNDCQEPRDDLFPSGEECLDIDGPCPCDEAEQEIDQEQLPVPETVPEPPAKTPKRRPVKKDKADKADKDKSTRGAKKPCPSDDKDDELKSNDVDNNEESGDTDGGASARSPSDIDNVDEMDDSDLMVAFSTILADFKDLTQRVKALSSVLTDVQAAGIRRSFSTLGKALTEAAHIANTGSKPVTAPRKKKAAACKK,KKDKADKADKDK,RNRLRSEALGNDCQ,ANTGSKPVTAPR,FPSGEECLDIDG,NA
tr|Q2F8B6|Q2F8B6_ORFV Immunodominant envelope protein OS=Orf virus OX=10258 PE=4 SV=1,MDPPEITAYIIGVAEGRGTKEVFPTLPYLVGLADDPPKPQPAPAPSPAPAPAPAPAPAPKPSPPAPHPKGDHVLKAVEWKDVDSKDYPHFFTDMCKSTCPKEMQRRAAHHLNLWESISAGTVPTKYSDDDFILVVDNDMTFRKPEMVKPLIEAMKANGWYMTQLKETYMTGALATNVPGTGDPELMVYPGGYDVSLDAYIISVGGMKKLYDAIIKEGGLRSGLLTEVFTLEKRLSLARVVLSGAEQVVYPEYYIQVKTRLSGAPSLWSLLATWLARFWPGAIYFLTTPLFSFMGLFDVDVVDIFILAYLLVLVLLLPNSRLLWFIAGLLVTAIV,PELMVYPGGYDVS,PELMVYPGGYDVSL,RAAHHLNLW,NSRLLWFIAGLLVT,NA
tr|Q2F8C0|Q2F8C0_ORFV Late membrane protein OS=Orf virus OX=10258 PE=4 SV=1,MFFRRRAAPPTAPGPDAPDEEIYAFCDAHPDDERCACLKPSQAVVDTGRDTRLPYYCWYAPCKRADALLPRALKKNIAGCNVSDCVISLGDVRVADAVVRLTNACGSKVDSTAERFQAKYLNQHVFVPVADPRAWLPLCLVAAASLTVLPFVSRGPRTPSGRRPPRP,VADAVVRLTNACGS,LTNACGSKVDS,DAPDEEIYAF,NA,NA
tr|Q2F8C5|Q2F8C5_ORFV Core protein VP8 OS=Orf virus OX=10258 PE=4 SV=1,MTNLLSLVDPEDLAFCAGFPSFDETMLVIAGARVRFPRSLLSLFNVVPRTMTRYETELVGTEMVVGAVFTTAYNVRRNLGLGEEPVTMRDIEKYFLDSENEVLTLIVHNTDFSAMSGVRRRGGRRIANPVIFRSGSTPLLIVMESRKKTNIYRERTAEQANASYREVGSSLALVTRYAGLQLVDVHTPSSVLTVSAVYGFTEDKGLKKLGSDKELADYQSTPLTDPIRLSDFSNIFDGVKKSIQLTNVPVPSTGAEAAP,KYFLDSENE,VVPRTMTRYETELV,TMLVIAGARVRFPR,TPLTDPIRLS,NA
tr|Q2F8C9|Q2F8C9_ORFV Myristylprotein OS=Orf virus OX=10258 PE=4 SV=1,MGGSVSLPSRDLPPPVRTPEMNIVPERDLADTMARLSTADPPQPLGVGDDARMAVLKTTFPEFAISRPATGMLAAQRIRYDGDPRVCCGGFGISHYWEKGARRSNVAFEGAALRTCDPTRFDAGACDALLFRECAAGGVDADFCAHWINAAVTRRTDRQSRARLNDMFVRDCQNDAARPHCVAWIRAMRSARATADDGLIDAVLSVQSPEFKGKHMRCSYPSPATLAMAANVDEPRECWDPECVAGNVDFMLSDNYTNLGLCRLSRCSIGVTHLRIDARSRLRMRCAGALAGLTKAPVNQTVVVGDNLARAFEPRVETLSVLALCVVYLLIVWL,LSDNYTNL,DARMAVLKTTFPE,CSIGVTHLRI,RVCCGGFGISHYW,YDGDPRVCCGGFGI
tr|Q2F8D0|Q2F8D0_ORFV Late transcription factor 1 OS=Orf virus OX=10258 GN=ORFV045 PE=3 SV=1,MTLRIKLEKLKQIVTYFSEFSEEVSVNVDVGDGLMYIFAALGGSVNIWTIVPLSASVVYDGDVSRVFNLPVLKVKACLCSFHPDSVVSLEPDLEDNVVRLSSHHVVSVDCDNEPVAHRTNTAICLGINQRKSYVFNFRRYEEKCCGRTIVNLDLLLGFIKCIHQYQYITVCFRDKKMVLHTPGKVDNFFREYSMTEWAPDLERFSFKIPISSVNKLRGFKKRVVMFESRVVMDADDNIIGMLFTDRVGMYRVNVFMSFQDRSLSCD,SRVFNLPV,RYEEKCCGRT,MYIFAALGGSVNIW,SVVYDGDVSRVF,NA
tr|Q2F8D4|Q2F8D4_ORFV FEN1-like nuclease OS=Orf virus OX=10258 PE=4 SV=1,MGIKNLKALLLSHGALTPHEPGGDERFPAVFVDGFSVMMTMAYSCADEDEFRAAVEERVQHWMSVSESGRIVVFLDRGEIPIKQPLRDQRRKATRDRAARHREFIAAAEADAAAEAVGAREDKQEDEHAEFAEEIRAEKQLKLQRIRFQLSIANHEVVKSLIESTLARAGDAVEIVFCDGVDAEMVMCARGRAEAERRGRWPLLVTTDQDALLFTSTDRDEKIVSTVSACYAFRPTETTEYLCKLAALANGCDFFPGLGGICVSVESLRRATLFPEFSVRNAAVSLCTRPMRLSTQDALEPEAAAEVVEFIRRYAAGDERIYREVPPGACCGRAFVRGALAAEWADALPAATGLSVVADMIACLPARRDPAPEEVERLLALEARARGARVTDAMLAQTAQLLGYGASAGADGASAFAVSGAKGLMCRLRGTAMFFNAEYVEIESEPRLLKLR,FPEFSVRNA,RRYAAGDERI,ALTPHEPGG,ANGCDFFPGLGGIC,NGCDFFPGLGG
tr|Q2F8E1|Q2F8E1_ORFV Telomere-binding protein OS=Orf virus OX=10258 GN=ORFV034 PE=4 SV=1,MNHFFKQIGAGVRKPATRLTPSGAHEIRLFTVPVELPEFIYNNENLFQKPVNSVDTVLKALAVASAFREEWEAVRALARALQAAGVHVCDVFFSPVGWMAGTAPPPGAHAAVRVVAPSAASAARAVKQTVRALRPAAAMVPGEAREDAVVEVQEFSSAYAGHGPPPVGVMAVCPFDQDASVLVLFFGRTQDAHCGIAYRCATRTETDRMLATLLPIVSELHVVCDDVGRSTVTRHRGGGAATQFPDDRVTSIVGVVHPFDHRQFPSAPSASPSSDLVLYAPKRFVFVVDLPSGVDIRCASRSGTDFVTHINGRKLDAVLVIVKDAFMAGVTMDGVFQKENLVWRGKYTYRVTKSSFEVPEFRGKAGGHPPDGRVLASREFVTRSLYTVL,APSASPSSD,QDASVLVLFFGRT,PKRFVFVVDLP,AHAAVRVVAPSAAS,APSAASAARAVKQT
tr|Q2F8F1|Q2F8F1_ORFV NF-kB inhibitor OS=Orf virus OX=10258 PE=4 SV=1,MASYISGASASANTAQGGDSQYPQYYYHTRTSQGDIRDESEGCFHTTDDEHLDLSDDYLGDGAPHCGHSHNHSRRDGDRHRQRAPRLYEDPVPANIMVPTLSLEQLLEETSVAGGLLGGRTERDVEQLLEEFSALCPGDQITALRCMAASFYRDALFAPYACMHLIASRMRVHYAREVVHVAEDLADAMSANSGVCFRRYRKRVLEDMLAEEMGVYNYLARANADICEDNLLSAVETLLRRFRRMGCYRSLCMLKILALQHEDLAGFIRRSIRKTCNLAHARTHTVYV,SRRDGDRHR,DRHRQRAPRLYED,RDALFAPYA,ALFAPYACMH,AQGGDSQYPQYYYH
tr|Q2F8F3|Q2F8F3_ORFV Protein E6 homolog OS=Orf virus OX=10258 PE=4 SV=1,MDFVRRKYMIHAIDRNLDFMKAEVQQKVSIFSLGHVLALHYLVTAFPQAVITKDVLASTNFFVFVHMSQRHEVFDAVLKAAFDAPQLFVRALSRHFEAFVAAIRAYRATCAELLADARFMEVAARAAELAEVIGVNHDIAANPLFADGEPVRDAELIFAKTFRKTEFRAVKRLAVLRLLVWAFLVKKDLGGEYADNDRQDLFTLLQKAAGPVRHSALTESIREYLFPGDRPSHWVWLNARVADDAEVYRDRPARTLYERVLSYAYSEVKQGRVNANTLKLVYRLEDDPDIKGLLLQLIYDVPADIVGVVDSANEEWRSYFVSLYRENFVDGRTFTSDARFRDDLFRVVAAVDPDFFEPERIREAFSADARLRERFTDMDLNNAFMSHLIYDSVDPDVAAAERGLALRVHNEDSDYFIREYNTYLFLSEKDPLVLDRGALTRLSDVPAERFRDLFSDSVLRYFLDAKLGTLGLVLEDYREDVVAAMLRHLRRVEDVSSFVTYAARKNPACVPGVVRAVVSNFNPAVVAAMRPFLREHMTRVDALLDGMPHLSEADRRYIRRVVLQGRA,FEPERIREA,FSADARLRERF,NTYLFLSE,PLVLDRGALTRL,YRENFVDGR
tr|Q2F8G3|Q2F8G3_ORFV IMV membrane protein OS=Orf virus OX=10258 GN=01orf_00006 PE=4 SV=1,MSVLLGLSISAAVVFGVLGLCGVGLELMVLFAERRVAARRQEELDELLLEQAQEGEFVNY,FAERRVAARRQEE,NA,NA,NA,NA
tr|Q6TVZ3|Q6TVZ3_ORFV ORF107 virion morphogenesis OS=Orf virus OX=10258 GN=01orf_00100 PE=4 SV=1,MEEDLNEAALLHMLTRIAQMCGGDAAAAAAAIKMLMDLVNERIMILNKKAKKEMGQASSA,AQMCGGDAAAAA,AQMCGGDAAAAA,NA,NA,NA
tr|Q6TW04|Q6TW04_ORFV Zn-finger protein OS=Orf virus OX=10258 PE=4 SV=1,MSAVKAKAGAKGGSKGGVVDVAAGNKKRRRRRVTTVVDDSSDPVCSSCNSRLVSIKDVDRLSTLSLGLACSSTLSCAACGSALTPLRDLAR,TLSLGLACSST,VTTVVDDSS,VSIKDVDRLSTL,CSSTLSCAACG,STLSCAAC
tr|Q6TW24|Q6TW24_ORFV Viral late gene transcription factor 2 OS=Orf virus OX=10258 PE=4 SV=1,MKRIALSRVDISAPRASACAPPAACRIEYVLPKYFNTVSAERLALRAADGTCWFCRQRVGTAALAVETLDGGAVGEFCSRLCRDSFAGSIRHLVALREEPKIELLPLEMYADPDRVRALINETRATEGVYGRCYLEPDGRTVRMALKSLI,PDRVRALINE,ELLPLEMY,SACAPPAACRIE,APRASACAPPAAC,NA
tr|Q6TW52|Q6TW52_ORFV PP190 OS=Orf virus OX=10258 GN=ORFV048 PE=4 SV=1,MVRRVLLERVDGIVEHSRADRRYLEAIQRHLEGSTPGLRQMWRFLYDLLLTVFVVMYIVFRLIVRNPGICAILALAAAVYYLFLCLFSMD,FVVMYIVFRLIVRN,NA,NA,NA,NA
tr|Q6TW67|Q6TW67_ORFV IMV protein OS=Orf virus OX=10258 GN=01orf_00028 PE=4 SV=1,MESRDLGVAVGATILMLLVVVTNGATIARRGAPSLGIRSRGALRVLTVMDFVSLLTTIPCTIILYFLCMQALNARRQN,FVSLLTTIPCTIIL,PCTIILYFLCMQ,PCTIILYFLCMQ,NA,NA
tr|Q6TW74|Q6TW74_ORFV Sulfhydryl oxidase OS=Orf virus OX=10258 GN=ORFV026 PE=4 SV=1,MEPRFWGRAMWAVIFIVLRRFEEHRDLERCKRQLYVICSTLPCIACRRHATAAIEKNNVLSSEDPNYVLFFFIKLFNNLAFDDRYKIDPAKVRPLV,LYVICSTL,LAFDDRYKI,NNLAFDDR,KLFNNLAFDDRYK,NA
tr|Q80G29|Q80G29_ORFV Uncharacterized protein OS=Orf virus OX=10258 PE=2 SV=1,MAGVRSCQKKVPSTAGSMSFQRGNRSIQPAMSEALQNDFSYNPRPPPPSAEEIDFFCVDMRKVLMEIEAKPSSSKYPDFIHPVDSSPPCTPARKRNGFGRKALNKTQVPQQAKRDGYSR,RSIQPAMSEALQND,NA,NA,NA,NA
tr|Q84150|Q84150_ORFV Membrane protein OS=Orf virus OX=10258 PE=4 SV=1,MPPRTPPTPPHSPEPTPAAPGSLYDVFLARFLRRLAARAAPASAACAVRVGAVRGRLRNCELVVLNRCHADAAGALALASAALAETLAELPRADKLAVALELGVDPEHPELTPDPACAGESALAQNIDIQTLDLGDCGDPKGRRLRVALVNSGHAAANCALARVATALTRRVPASRHGLAEGGTPPWTLLLAVAAVTVLGVVAVSLLRRALRVRYRFARPAALRA,PACAGESALAQNI,CALARVAT,ACAGESALAQ,ACAGESALAQNI,LASAALAETLAELP
tr|Q85298|Q85298_ORFV Orf virus homologue of retroviral pseudoprotease protein OS=Orf virus OX=10258 PE=4 SV=1,MPGEGQYHIYSHSGTSKGYASTPGGAVKRPSSGGGIWGPLEKRMCVGGGSGGSKSLSGGVNGGVNGGLGKI,ASTPGGAVKRPSS,KSLSGGVNGGVNG,NA,NA,NA