"Sequence","Epitope_1","Epitope_2","Epitope_3","Epitope_4","Epitope_5","Description"
"MDDNNLKLSLSDYINKLICVFKTIKYPLPTEDVNNEVELVFIRPPLITLGNVLNISSVQESFIMFTVGNKEKKEKIRTNVPLSKVHGLDIKNVQLVESVNNIIWEKKTLLSEYKVNDNCLIRHSIEEKHVFLDYKKYISSIKLELVNLIQAKIKNVKVDFKLKYFLGSGAQAKSSLLHVLNHPRSKPSPSLEFEIVNTDININENELFNELHALFRSIFMNLPENVFLVPNFKNPLKTYMLKKQDISGISLDNLYATTKTDGIGAIVKIKQNKIYCHFSHINYCIKYLANRTMENEIVIYGEALKYNGKWNIYLIKLINPNLENRIMEKDFVDEELKGISDKIIFKVKKYEGPFSSHSEIIDLLTFYLPMQKEGVILFYTEGKNSSFDYKIKNDNTTDHMVNLVYRYMSSEPVIFGESNTFVEFKKFSDEKGFPKDFGTGKIILTESVKYLNNIYCLEFSNVYDDVGIKNVVVPVKFISEFSSKGNIIKPRIDKTMKYMYSDYYGNQHNVVLDHVMDQNIKIEDIFNEEKLSNIGKIYANDKYRLNPETSYFTNKRTRGPLGILSNYVKTLLISLYCSKTFLDNPNKKKVLAVDFGNGADLEKYFYGEISLLVATDPDFKAIERCNERYTKLNSGIKSKYYKFNYIQETIRSNSYVSSVREVFFFGKFDIIDWQFAIHYSFHKKHYSTIMKNLSELTASGGKVLITTMDGDKLHDLKDKKTFIIHKSLPSSENYMSVEKINTEQVLVYNPSSMSKPMEEYIVRKTDIIRVFSEYGFELIDNVDFSTIINRSKKFINCVSKMEERQSTKNFFELNRDALKFNSLDVEELLSYYVVYVFSKR","ANRTMENEIVIYGE","SHINYCIKYLANRT","NKLICVFKTIKYPL","ALKYNGKWN","IEEKHVFLDYK","tr|Q6TUT6|Q6TUT6_YMTV5 mRNA-capping enzyme catalytic subunit OS=Yaba monkey tumor virus (strain VR587) OX=928314 PE=3 SV=1"
"MSRQHAAYIDYALNRMKKMPIEMLGSDTITLKPYQHFVAKVFLGLDTMHSILLFHDTGVGKTITTVFILKHLKDIYTNWTILLLVKKALVEDPWMNTILKYSPEIIKNCIFINYDDKNFHNKFFTNIKTISSRSRVCVVLDECHNFISKSLIKEDGKQRPTKSVYNYLSKNISLNNNKMICLSATPIVNNVREFTMIVNLLRPKIIQFQSLFENKNLVNEKELIDKLGGICSYIVNDEFSIFDDVEGSQSFAKKTVYMHYVNMTKQQEIIYQKAKIAEIKSGIASFRIYRRMAATFSFDSFPDKKKKTIDEITLELGALYKDFVNYVNKKSFSNNAIKLFKSGKGLTGDSNPLDISLLSELRQKSCKFTEVCLKILASPGKCLVFEPFINQSGIEVLLVYFSVFCITSVEFSSRTKDTRIKNVFEFNKESNTNGEQIKVCVFSISGGEGISFFSINDIFILDMTWNEASLKQIVGRAIRLNSHANTPPNRRYVNVYFIIARLSSGEPTVDEDLINIIKTKSKEFFQLFKVFKESSIEWIYKNKKDFYPINDESGWRALTSRVVDVNVKSKRTVQLAQGQNIWFSNSSRMVTIHKGFKTSDGKIFDVDGNFIQNMPINPIIKIHNDKLVYII","RQKSCKFTEVCLKI","HFVAKVFLGLDTM","EDLINIIKT","RAIRLNSHANTP","AIKLFKSG","sp|Q9QB93|NTP1_YMTV5 Nucleoside triphosphatase I OS=Yaba monkey tumor virus (strain VR587) OX=928314 GN=NPH1 PE=3 SV=1"
"MNPTSIVLIVIATVAVCLIIMQIYYIYENYDNIKEFNSTHSTLEYSKTINVFSLDRRIYDPNDHIYDVKQKWRCVNYKNNYVSVSVFGFKSNKDKNIKMFTTINDCINYTFSKSTHSDIYNPCILDDGFQNQDCIFLKSVI","YENYDNIKEFNSTH",NA,NA,NA,NA,"sp|P60672|A28_YMTV5 Envelope protein A28 homolog OS=Yaba monkey tumor virus (strain VR587) OX=928314 GN=118L PE=3 SV=1"
"MDFMTKYSKELVSTAKNINDEEPNLNRREINSDLNAYLKSKETQYQKIIRDQLAKKNMLRIKEAVTPVKINDNFTNINEVADTCAEVKTSDEEIKKEYEHVKNETSNLQEEAKKLVDDISSARETTMDALNSIMKELTQKIQTGNLIQ","NMLRIKEAVT","AEVKTSDEEIKK","PVKINDNFT","VTPVKINDNFT","NSDLNAYLKSKE","tr|Q6TUS3|Q6TUS3_YMTV5 39kDa core protein OPG130 OS=Yaba monkey tumor virus (strain VR587) OX=928314 PE=3 SV=1"
"MKGLYYNDGKLFEDKELTMSVSSDNPAYEILKKIKIPSYLTDVVVYEQTYDESLNRLIFVGSDSKGKRQYFYGKLHVKQRNDNRNNIFVNVYGVIDNINRFIDGNITSKKKNDTNFQLAVLMLMETSFFIRMGKMRYLKENKTVGLITLKNENIIVNNDKILIKFTGKDKVVHEFVVYESNRLYNPLLNLVNEKNPNGFLFNKLSEKKVYEFMRKFNIRIKDLRTYGVNYTFLYNFWSNVKSINPLPNTKKLISMTIKQTAEIVGHTPSISKNAYMANTVIDLLQKSDILKTIREIDFNEFMNLVIGYVKNKKII","ANTVIDLLQKSD","TMSVSSDNPAY","FNIRIKDLRTYG","DKVVHEFV","PSYLTDVVVYEQT","tr|Q6TUT8|Q6TUT8_YMTV5 DNA topoisomerase OS=Yaba monkey tumor virus (strain VR587) OX=928314 PE=3 SV=1"
"MAVISKVTYSLYNQEEINATDVLINHVKNDDDIGTVKDGRLGAMDGALCKTCEKTELQCFGHWGKVRLYETHIVKPEYIGEVVRILNHICIRCGFLRSREPYMEDITRMPLNSLKKLKDKILSKKKSCWNSKCMQPYQKITFSKKKVCFINKSDEITIPNALIYQKVTSIYKRFWPLLEIYQKPENLFYKNFFPVPPLIIRPAISFWIDSIPKETNELTYLLGMIVKYCNMNAEEQVIQKAVIEYDDIKIISNNTTSINLSYITSGKNNMIRSYIVARRKDQTARSVIGPDTSLTINEVGVPEYIRNTLTEKIFVNPFTVKYVKKMFTNNEIKFYFNKRLNQLTRIKPGKFIKNKIHMLPGDWVEVSLRENSSIIFGRQPSLHRYNVIASTVKYTEGDTIKIPPGIANSQNADFDGDEEWMILEQNPKAIIEQSILMYPTTLLKHDIHGAPVYGSIQDEIVAAYSLFKIKNLTLDEVMNLLGKYGLNFNPNGKKIFNGKDIYSYLINDDVNYPNIINDGKIIAEDVSSDFVVAMRHSSLAGLISDYRSNVEGVNFIIKSSYVFKRFLEIYGFGVTFRDLRPNSDFTNKLEAINAEKIELIKDAYTKYLNDIETNKILPLSKSIEMDAIESMLSNLTNLNIKEIEEYMQQTLQENPQNNLLKMAKSGYKVNPTELMYILGTYGQQRIDGEPAEPKVLGRVLPYYLPDSKDPEGRGYILNSLTQGLTGSQYYFSMLVARSQSTDIVCETSRTGTLARKIIKKMEDMVVDGYGQVVYGNVLLKYSANYTKILASVCKPVELIFPHESMTWFLEISALWEKIKRGFIYSQRQKITKKTLAPFNFLVFIKESNDDSFIGVKKLYDMIQSVIEDVKEKYFFTITNIDFIEYVFLTHLNPSRIKISTETAVTIFKKFYEKLNYTLGGGAPIGIISAQVLSEKFTQQALSSFHTTEKSGAVKHKLGFNEFNNLTNLSKNKTEIITLISDDVSKLQNVKINFEFVCLGELNPTIDLNKENDIFNIDIIVNRVYIKRAELTELVVEYMIERFISFSVLVKEWGLETNIHDENNIKYTIYSKFMEPEELNLNKFMMVLLGAANKGKISKFKIPIYDYVYYEDFNKTKKVYKMTVELMNLKELGTFDLENVNVYTGVWNTYDMFGIESARGYLCESLLNTYGEGFDYLYQPCDLLSSLICMSYEPESVNKFKFGSATALKKATFGDNKALLNAALHKKSEHVNDNSSCHFFSKVPKIGTGYYRYFVNLELLTRLEKKLSTKIAKQRVEKLTESIDDF","IPKETNELTY","FTVKYVKKMF","TNNEIKFYF","LLGMIVKYCN","LCESLLNTYGE","tr|Q6TUU4|Q6TUU4_YMTV5 DNA-directed RNA polymerase 147 kDa polypeptide OS=Yaba monkey tumor virus (strain VR587) OX=928314 PE=3 SV=1"
"MVFQLICSTCGRDISEERYHLLIKELSLKKVLHGVKNNCCRLKLSTQIEPQRNLTVQPLIDIN","STCGRDISEER",NA,NA,NA,NA,"tr|Q6TUV8|Q6TUV8_YMTV5 DNA-directed RNA polymerase 7 kDa subunit OS=Yaba monkey tumor virus (strain VR587) OX=928314 PE=3 SV=1"
"MGVKTDNSLECQWELKNDERIETTILGDDIYFDYVISQIDTHQSWSPSIRLVKYFKNFNKELLETIASNEYVNPSFFQQKDKRFYPVNDDFYHISTGGYGIVFKIDKYVVKFVYEPNKSYSPIDTTAEYTIPKFLYINLKGDEKKLIVCAWAMGLNYRLTFLHDLYKRVLYMLILLIQIMDGEKLNLNNFSHKQFLKSFNDKKDDIKFVRLISYFYPIVIQSNINVINYFSYMFHFFEHEKRSDYLYERGNIIIFPLARCSADKVTEKMAKKLGFSSLVSYIKFLFLQMSLLYIKIYELPCCDNFLHVDLKPDNILLFDSDEKLQIKFNNNLYVFNEKVKSCLNDFDFSQVANITNKKIKNSLKVEHNWYYDFHFFTHTLLKTYPEIKNDAEFNNSLEELIMCCNKSICDKFRLKVSILHPISFLEKFVTRDIFSEWINGRDTES","VANITNKK","LIVCAWAMGLN","LHVDLKPDN","GNIIIFPLARCS","LYIKIYEL","tr|Q6TUY7|Q6TUY7_YMTV5 Serine/threonine-protein kinase OS=Yaba monkey tumor virus (strain VR587) OX=928314 PE=3 SV=1"
"MKYTISPQLVIYVGKGQEIKRALYLTPYGILDDKSSIYYFLKTHLNIHNPEIHKRHILLTLKIRQVKGYLSNLLNINDDIIIYSHKNNLEFSYVDNTIFNPFTNTQRKTLIRSDGFLYNIYPGACDFLVIWVTNSKDTPMLEFGSYEEVDSNILKFENHLLDVFNSLDLEMNIESKFNNIFRTNLKSTGLMTIIKKINESDTSYKSLLYKSDEYFINMTGNHFILTDEKLNLSVWDSDSCLAFSSDGDTIVINNVKLFTELVSDINAQMERIKGDVTYKVFLSTPITSRIKLDIETSFVFVETATNNILLSADKKISIILAKNHISIKVKNYIPNIEKYFTFLVVAINSMFNSVQRSSDFTKVETVYWSRICQNTNNKNRKPVIVSSLDVDMKKISNCFYKSKSLEVFINSNGVMFSCIDPMGKYNSIGFLSIFYKLQKMCIPCCFLKDQSHTDTFSSCVYNKDVSNDIISPYILNFGKVVTKSKISFLPIIFDSFLNEGLRISFEQDNKRLKETTGYHVVKSCNGDIIRLRTTSDIIAFVNDKNTILIADDIIYFPMNYFSIGNNIYILVQEIVHEVVLVKKKINKDVISTFSPNSIILRELFPKQTKSVTIRSDSGMELTTDGFLIDGVKFNKDLSSKFMTFTKNVTTSDYISKYFSPLFKYVITESKERFIKTWVINIMLNFESDVNIESSVIISRLEEYYPNHGKKITN","SDVNIESSVI","NNILLSAD","DVSNDIISPYILNF","VFVETATNNILLSA","NTNNKNRKPVIVS","sp|Q9QB84|ETF2_YMTV5 Early transcription factor 82 kDa subunit OS=Yaba monkey tumor virus (strain VR587) OX=928314 GN=VETFL PE=3 SV=1"
"MEVVTDGVLRLKIFADEFKNIKEEIKFMLNSWDDSDVLRRRNSIPCEVVAVGKNKRTIPVFDAVKRVLSFSLGDYDVCVGDHLTVVKCFKGAGFDNRFNILTGDDGRRGVEYSLVVHLSIPEDGGETDICVSGNTVISTTEDFLLEDGCSQLSNVVSEGEKIVAAIKVFLKRKDKDVIFTLARSLRDVKFYDKEGDRNLCYSLVDVNSPFAEVERFGVISDRSGKCLLVNRHQKLVKKAIVEKTFADMCAEIAFEGFYDLVNVDGKDVAWKELGAVEEDIWVPSSEDDYSFLKELVDHVSCNLKTKVGYYVLSTCDDETLYVSFNVIRCYFSMR","LEDGCSQLSNVVSE","VPSSEDDYSFLKEL","FYDKEGDRN",NA,NA,"tr|Q6TUM3|Q6TUM3_YMTV5 151R OS=Yaba monkey tumor virus (strain VR587) OX=928314 PE=4 SV=1"
"MTDLCNGVKNILIESFFKRMIMYDSNYIFIIKNYIRKKSSGESFSKELFSCILCYLLKYFKQRDIDDVEDIFNIMVKLGIDINKKTSSGDLPIFCLLENKNINVINLLKLMIEKKVNLLEKNKCGFNTIQVHLSTPNINKKVINILLKEGVGLNDSKNLEWYNALHCYLVNNITNVNIGMVNFLISKGCEITSNCKNNDFVLFNIIKLFIKKNKRILKKNTIKVFNFLIKNSDVNKTNLLGYSFLNFASYFDNNCAFRHLLNLGYSVDVITSTNETCATLAFVNENVIIVNMFLKKQPNFKTMDATFFQFENYIKHYNLLTSKKILIIKNCIAYSIIKMYELKYKLIFNLFKDFIVDCKNDALVINNLIGSNVNAYNFVYGNLKIHYSYFKNIILKKRLTVYGKVIVKKVKKYKCMYNKRLKLVEIISKKCERDSLWNTVPNEIKLKIISKLSDDEINNIISCVKLKNKTIQCKQVVTMDGVI","NIGMVNFLISKG","NKTIQCKQ","SNYIFIIKNYIRKK","KGCEITSNCKN","SKGCEITSNC","tr|Q6TUM6|Q6TUM6_YMTV5 148R OS=Yaba monkey tumor virus (strain VR587) OX=928314 PE=4 SV=1"
"MASLYSYISNERYVINSNIIEHYIHMENHLLDVSCWKKILIRYLFRQDVEPKVLKMLFKHSCHIHTSTFNESLLYVFLSNNMIDLSIKEVRKIICLIMNNETCKNNCSNVQLTPLLVCLSNRCMCDYEIVKFLFARGSKATDVNYRGGNALHVYLSCCKKIDKKIVSFLVEKGVGLDKIDRENFTPLHYYVKDRKHLNVDTLDFLVSKVIQNYVGDSKKFLFSIFETFLNYVSVYNKKSKKVVDYFLNYLHINYTNENGFSPLMLAADFLNKEFFKYFINLGANINLTNRYGETCATIAILSCEGDIFAEFLNSYPTIKVIEDTIIYFEATNFSNILLCSKKIKMFKQLIITAFTLDPLFYLKHEKLINSDEFSFTINKCKRIICDMQKDTLEDKTIYDIVFNLKNKSFLNRYKNNKKILRCTKLPYYGKCIKRVIRKVHNRNVKINKIISNINKVCCLTKSYWSIIPIEIKIIICNFLSDNDISILEKKISCRKRV","ITAFTLDPLFYL","VSKVIQNYVGDS","ENFTPLHYYVKDRK","TINKCKRIICD","QLTPLLVC","tr|Q6TUM7|Q6TUM7_YMTV5 147R OS=Yaba monkey tumor virus (strain VR587) OX=928314 PE=4 SV=1"
"MSKNQELKEGEILIDSTKTKWKLGQIVGKGGFGYIYFAVKDCDKYSDFTHVIKVEPKSNGPLFVEQVFYQRTGKKEIIDNWMLENNVSHLGIPKCYGFGFHKNGNNEYRFIIIDRLGCDLQRIIQANDNKLPKKTVLKIGAVVLVILKFIHDNGYTHSDIKASNIALNKDDKNKIYLIDYGLAFRFMVNGKHVDFKKDPKRMHNGTVEFTSIDAHCGAYPSRRGDLEILGYCMIKWMSGKLPWEDNLKNKEYVKSSKIKYMNNLKLLMNECFKDGSDFTELEKYMNIVKSLNYDSLPNYVELISVLDGF","YSDFTHVI","IKVEPKSNG","NGNNEYRFIII","LPKKTVLKIGAVV","HCGAYPSRR","tr|Q6TUN2|Q6TUN2_YMTV5 142R OS=Yaba monkey tumor virus (strain VR587) OX=928314 PE=4 SV=1"
"MDLHEDDGTINDYSLFFVYDTADTIDSNDSLKEVLEDYFTWKAMVGRIGFVPSGIGNLFLKLIKLDDYFDKNSTKLLVNGLKRKRFINRLKKYLYSNYDISYLSFITLVGIFGYISERCGKYGKEKYIQNLLLLIFNFLNDNILFRFRYYLIKN","INDYSLFFVYDTA","LLVNGLKRKRFI",NA,NA,NA,"tr|Q6TUN6|Q6TUN6_YMTV5 137R OS=Yaba monkey tumor virus (strain VR587) OX=928314 PE=4 SV=1"
"MIKWIVFIFVYIVYAKEECYRKVGLYSFYDIANTKYREKISISENNFQTPQHFDVLTNAEARIMESRINWTHMSHSLTELFNNKCKSDNYIYGGVLTKNLEFKINLTLLEYDNSNLNVTFNEYETSIYFLNTTINITNECYGISYIYTNSYVDNDTLIITLTSEPVSLSPPFMNTSDFVTCGIYPLDDGYDITNLKILNNATYNETFDQRTNNSYQEYLSNDTIFYSLKIFTNLTKKCSNITETMIYACGVPEEFNNTLLNMSITPNIDSNNYFNCKMLNSSADCGVSIFLDAATEIVVSENNKKEVSSRHKRSIDVLSYDSFCIHKYYGLDNQEDCNVPKINPKANENTNVKERKRRSLEKDKPPVPSRGNLLLLSAEEMGARPKIPRSARNVQIGATGHDGSVVGLNHIYQNVKSTITDRLKTLILKDKMLTYDNLPFHTKMLTKDIINTKYITSSEAENIAKQLIRDKKYVSYTSPNKNIVIEGKNKPRGVLNVDSSSGIYANSNENVEIESSSNVNVFKHDSEDIYDDIGNKNVFRTKKEEILEAQRKLRNRFNPFYAQMFSQKTGSTSSTWSDSQISATYLNSRYAMSPGPSLKGSKPSTSSFTYFLKNSPPSTSSAHSLNNGPPGKISYEDHIYEEIKEPIYYELGYPNDRRNIPLPPVPDSPPFSYKKEKMIDIICSSMKNSICDVKNPIYSYPKLNNFGNMVTKDNPLYQSADYGVTNLRDGYNPLYDPRGTYVIKNNPLYQSADYGVTNLRDGYNPLYDPRGTYVIKNNPLYEPLGDSKLTRKNAVRRKMLSPNSKNRIVLPFKNNNNNNNNNNNNEIVSVNANTNNKNTKFGKLSQSNKMNNIISTVALTSYMSSSSSKISSIVSQAGSQPKEQIIVNLISSALSQIGGTLAITGSSNAAIAGLAIQGIAGLIDVATSIYFLLSGEEPPVDPAVEKFSNYADYMSKSEAGSRICMMPDSDITVTLAYRHSEMNTDAEKTRGEYTDIIPSMIYYLKNSQISYNVKVKLICPIGQLRLFEADVNTYARLIRDEKGVKTYIVHGISELLSYHHNVTFTCGNEPGAIFIPFEQDISDMQLLRISTPGEPESTKDMPSNVCDIYPLKKFYVLAGNCPFDMSRKSVAYVTCGTLLRMSTYEPKKQRWVLMNPFLKYDHDNIQLFTFREYDFKSSYINLNDIGHGDVICSQTDSSTCYWSDSMILEDVTACASRIRKIYVEMSTITGKGYNSFVLTCPYGSTPFHISNETIINIPMNTRRTSVRFASQKEATAIVSCVHNSNPVYKSDIVQINFRFSNLSSNYLNFKYFKDRKYLFDLFSGVMPKRSITCKRVSENSNCKNHYYIKNIPEIEYKVVVTKLPTVRLTTSYHGDLNADSLQKINYYYASPFTVKIDADSLPDVYKNPDHFWKFASEKKRTFSAISVTMFACSVVAGNIDVSFGSTQKSDVFGKSGKYVYIGSKDIYDEKKIVFNYVNDKADYSLKNVFGKCDVYLDLDYKELKISCPELTVPKDPFKSKSINSMCFLIATSRDHCALSEEKWSKRDRSNDLGYSYAEAQTDFDSCTSRGTKTPNDNFCYYWYASVYWPPDYDPCASSMILGYAPVFLEDRIVNPPYIKEFSFNPNKNEYVKRTLYEKLQSLYNKYNKLVLYSENPVVDMSNSLAKAMTPEGRQIFRLIADSDEIQKTKAENEEQANIVRKEIEETISSIYLDTLSYKDISSLLSSAISTRCCVLDKKSVYRYFRLENYICGNYSDYLVLVNDTRYIRVNDSLINEDVYLTLETPVITCYEISLVPVQSLEEQTDFENEIVKVAFEDAIKNIFNEYDKNISISLNKYIITLKNSNKAINKTIAILTSLTVTLIIIVMSTIIVINSRKKKYNVSYFEKKLQYNKPK","ITCKRVSE","SDITVTLA","DFENEIVKVAF","YNKYNKLVL","GEEPPVDPAVEK","tr|Q6TUN7|Q6TUN7_YMTV5 135R OS=Yaba monkey tumor virus (strain VR587) OX=928314 PE=4 SV=1"
"MHTYNYIIFFLFKLISCSYIRVNYTTCNSVVNVVCDVKLPYNSAVEWRFNNKVIFYSNNTLKFKFNNNLFGNYTCKTFDVFNKIELKLITEWITSEEKIIISSMLIAYLIISWMTILTLSFKIDRLKRVINLHAILIWITILGVYIQYMLKLSKGYSFIDVCGIVLITVLLFSSIFVNVLTLLKIKKKKCFIVIIILKTITSVLFFLTTLVILFYCYKSIFGSLLIYKLLIINVFELSHLVILFILPVEFKIEYKKLIILNSNLNL","ILNSNLNL","LFFLTTLVIL","ELSHLVILFI","ELSHLVILFIL","YIQYMLKLSKG","tr|Q6TUP1|Q6TUP1_YMTV5 128L OS=Yaba monkey tumor virus (strain VR587) OX=928314 PE=4 SV=1"
"MSFTKIIPFFNFSDIKTYVHYLANNGKKDYYGPLHAKKITLEIKKYIDDEITVNNLISIHVYKLKTKKNDCINNNFIISKAIVCVQQAKRGGYIIINELNTSKRFKLKDDKIIILSPLSRYHVSKVFRGRLVIIVLEMFIPSMQILLINNKNVKFTNNIKLFYPVKGDQIFIIKQITNVLNKVVCTQVLINQNWYSVVNAGCSKLLLPSICFGRSISVNCDNVDVKSVINNIGIIFNSVPFNYILPQKIIYNNFEFSEKVLYCKLC","IIILSPLSRYHV","INNNFIISK","NNNFIISKAIVCVQ","LKDDKIIIL","LNKVVCTQVLI","tr|Q6TUP2|Q6TUP2_YMTV5 127R OS=Yaba monkey tumor virus (strain VR587) OX=928314 PE=4 SV=1"
"MIVLPYIIVSCSLMILVAYMLLINKKYCKKFFNNICTKLKPNYKNKYSKKKKLFIKLKSINNKNENNYNDVYDEQRCDVVTDSDIDDSFDSTASIEDEFKKLNWNNYEYDFNETENIYDLPCNSVNDTLSSEEITVYNYHNNVIINNVCEESDDLINMKLNDNV","SDDLINMKLNDN","YMLLINKKYC","INNKNENNYND","LVAYMLLI","NVCEESDDLINM","tr|Q6TUP3|Q6TUP3_YMTV5 126R OS=Yaba monkey tumor virus (strain VR587) OX=928314 PE=4 SV=1"
"MYNKASFIPKWVIKFVKSILLKDFVSKSDEKILADIIINSTNVNYSTLNIININSVNVVVNNNENIFNLLDVNCLKRSTHVINNDNHVIQSNEYMFIICLNGSISIKCFKKGLKITNTVYKGEAFSIHSTLRHVTTTKDKNLHLAVIKYDVNCPFIHFKNTVYSEDSFVYNLFSGYNFALFRLYDSYDNKVEDVLITHDNIYNENMKQKNVLGIKSLLCEHSIPQKISLDCIPKSNVKYGTEIAELSLDNETLNNVFNFITSKDVYSNSGNRYKYLLTYGVLCYE","SYDNKVEDVLITHD","VIKFVKSI","TNVNYSTLNIININ",NA,NA,"tr|Q6TUP4|Q6TUP4_YMTV5 125R OS=Yaba monkey tumor virus (strain VR587) OX=928314 PE=4 SV=1"
"MEKMTSVNLDTESGELNLGENTNAFTGSTIYGYKLKKSKNKRINFFGLFVRILVIISILSLMAITVTLSIQVNKYKIIMKTNKDLKVTSSFKKTYCEGLVYDNNCFIFYAIPKTFDEALYDCNLKNYFLPPISVMSSWISNYLEDTWSEEGTGLLKNNNGLLNTNNIDVSTEMRKYFCVKSF","EALYDCNLK","MSSWISNYLEDTWS","IISILSLMAITVTL",NA,NA,"tr|Q6TUP7|Q6TUP7_YMTV5 Protein OPG161 OS=Yaba monkey tumor virus (strain VR587) OX=928314 PE=3 SV=1"
"MNRFKEKHFYRKSLLKHPFRIALVGGSGSGKTAYLLSLFNTFVEKYRHIFLFTPVYNSEYDSYIWPDHVNRVTTYEELDYSLITTKQKIEKYVKKQGNDKTTEMFLLILDDMGDKQIRSSCLLDFLNHGRHLNTSIILLCQTYKHVPVNGRTSITHFCCCNVSDSDIENMLRSMSITGSKKDLLKSVSLMRSVSVNKRRVIIIEDSVFSEGEQRVCYDTADDDVIKNNVNFSILLKQFSHMKKQLPAILSTYAE","GSGSGKTA","FSEGEQRV","ILLCQTYKHVP","CNVSDSDIE","FSEGEQRVCY","tr|Q6TUP8|Q6TUP8_YMTV5 DNA packaging protein OPG160 OS=Yaba monkey tumor virus (strain VR587) OX=928314 PE=3 SV=1"
"MDKILSMFPGDDDENDEKKPNPEIRLVDEETEKNKSADVDNVNNNIKENIKKEILEILNSKYSSFSVSDDQVFSILNDSFINDDVIDVKKIVLRLLVLEKLFTLLFNKWSISNDIIKRLENHTDTIRKNMIILSKKIDVQTGKSYGLNNY","EKKPNPEIRLVD","SADVDNVNNNIKEN","NKWSISNDIIKRLE","IRLVDEETEKN","DEETEKNKSAD","tr|Q6TUQ2|Q6TUQ2_YMTV5 117L OS=Yaba monkey tumor virus (strain VR587) OX=928314 PE=4 SV=1"
"MDDMGGAKRKKRKPKIAIQNNNDCVTCSSCHSKLVKVSDITKISLDELKVAGKGNVLTCSACGSELRLLSGFVS","GNVLTCSACGSE","DCVTCSSCHSKLVK","ISLDELKVAGK",NA,NA,"tr|Q6TUQ8|Q6TUQ8_YMTV5 111L OS=Yaba monkey tumor virus (strain VR587) OX=928314 PE=4 SV=1"
"MSYLSYYNMFDDFAAGAGVSERDLFTKEEEESFLPKDDGNFKVSLPNFKGSFPDILVRNDIKSLIGLILFVLAITTTPVIAVIMIAVAAALIPFPSLVIAYCLSMQIINPTNKTTVMSIICVAMAIVTIVVNSLSRTAYTISYIILAVLFCIYAFNLTKFKLGSSISKCSREFQGGDKYGGENPSFYED","TPVIAVIMIAV","PVIAVIMIA","GGDKYGGENPSF","PVIAVIMI","YIILAVLFCIY","tr|Q6TUR0|Q6TUR0_YMTV5 109L OS=Yaba monkey tumor virus (strain VR587) OX=928314 PE=4 SV=1"
"MIADIILVIICVAIVGLIVYGVYNKKSANLFNEKQEEYKIEDIKTSYVDRLKPNHLNSFYKLFSGQFN","PNHLNSFYKLFSGQ",NA,NA,NA,NA,"tr|Q6TUR5|Q6TUR5_YMTV5 104L OS=Yaba monkey tumor virus (strain VR587) OX=928314 PE=4 SV=1"
"MADKKLARSSYDDYIETINKLTPQLRTILAHISGEQGTKTNLVKEPSNEEISAGTTCRIKKSYGSPKSKCQMKSNCAPKKKNNVFGYEESPQIMQAVTNGGKIVYGTVREGKLDVQGMVGEINQDLLGIESVNAGKKVTKKQAKRLIKGGLHKSEPTDDCCSDFGMK","PSNEEISAGTTCR","YDDYIETINKLTPQ","YIETINKLTPQLR","TNGGKIVY","KRLIKGGL","tr|Q6TUR6|Q6TUR6_YMTV5 25 kDa core protein OPG138 OS=Yaba monkey tumor virus (strain VR587) OX=928314 PE=3 SV=1"
"MTTIPVTDIINDYTVTAFSEDGYPSNKNYEITTGQLSILRTVNDKLLAKSKTPSPFISDMCKITSPEIFIPGEDSPVTIIEHVSPQTKFVNNMRSEIILSEQQRHQRLNIKVSGLDSIIEKEPIETTKITSIQSHTPSLGTIFDKDKRIKLLEEEITNLKNKNVNGSSNLDNFTKLLFGKTAAFKSSEINKRIAIVNYASLTKSELTLEDLDVCSEEEIDKIYKAVKQYNDSYKKRIVITHFVTIAIVVIEQILVKLGFEEIKGLSAELTSEIIDINIGDDCEAIAVRMGISNSPILNIIIFLVKKLITRIKIC","VCSEEEIDKI","GDDCEAIAVRMG","LSILRTVNDKLLAK","KSSEINKRIAIVN",NA,"tr|Q6TUR7|Q6TUR7_YMTV5 102R OS=Yaba monkey tumor virus (strain VR587) OX=928314 PE=4 SV=1"
"MSCYFAILKSIGGLALFQVANSAIDMFRHIFMYFCENKLRPNSFWFVIARSIFSMIMFLVLGVVLISIFNNIDDKDQEK","QVANSAIDMFRHI","ALFQVANSAIDM",NA,NA,NA,"tr|Q6TUR9|Q6TUR9_YMTV5 100L OS=Yaba monkey tumor virus (strain VR587) OX=928314 PE=4 SV=1"
"MDKLKILYNDFYEISKKYLEKETNTKTLDANFELDVSILMNLVPILEKKVTFICPSLTDENVILMMRYCNYKLFSFWFLKSGAVVKSVYNRLESNQEREHFKNVFKDILLNVQTLISLNNMYTSLKQDTAEIVSDSKKIIEIVNQIKNSTCDSSAYHLLQNNYSFIVKTINKILSDENYLLKMIAVFDSNLINDKDKLNEYREIFTISSNSIIYGIKCVSELEMPTIDIDNNKYVSFFKKVLGNVILFQNNNLNSHKFINVVSKLYVLIQQQLMTNPLVACLLTDVLDSIKTKISVDEIKQKGVRNFQSLIKFISENKSSYKLIISSEYIKREQQIIEILQTISNENKIEHNGKIIDISSLIKITKNRFFS","PSLTDENVIL","QLMTNPLVAC","INDKDKLNEY","VSILMNLVPIL","SDENYLLKMIAVFD","tr|Q6TUS1|Q6TUS1_YMTV5 97L OS=Yaba monkey tumor virus (strain VR587) OX=928314 PE=4 SV=1"
"MEYNVNDIFLNSKLNLGKEYNNQLLLLNGNHIHQPTPSSSCGICNSLSNFSSEEYIHAGVRSRSIKRKITSSKEKDDICKQTKKPDNVEMVPIDEVASTHDWHLRLRKDGDAIARYLTENKCNVSNFTIQDMLNIMRKLNIIRSNRNEIFELLSHVKSSLSNSSMSVKSTHPLVLIHSHAHPKIGEQLRELDKIYSPSKYEMLLSTTRFQSIHFTDLSSSVDLAFHYKSCDSTYFIHPIFVALFGIKLPALENTFVYGDSYSLLQQLYDFKKVKPDNYMLLVNRLTEESPIVFTGISDVISTEIQRAYIHTMIRKIIMNIRMGIFYSKDEEAVDPYLMKIIHTNCSQVMTDEEQMLASILSIVGFKPALVSIPKPGSVNSYDMHLQSVPYIVIDPMKMITTSNCPISINSGNIYSLTFDGNSGRVVFAPPSIGYRMYSNNPLDNNFHCGTIANNHSHSPVIVNGVLMFYVERRQHKNTFGGECYTGYRSLINDSPIDVSQEIVINGIMYRLRSAVCYKLGDQFFETCSSVNNSISADIFLKGHYTILFTEMGPWMYDPLSIFNKSSRDARMIRAMKNHYRKLNNQVDDTDFYEWIKGEGSQYAMSKQQMLMNHITMFEDDILTMEEAISLISRQCCILIYAQDYEPYITAKNMTELF","KIIHTNCSQ","VNNSISADIFLK","NNQVDDTDFYE","VNSYDMHLQSVP","GSVNSYDMHLQSVP","tr|Q6TUS4|Q6TUS4_YMTV5 Virion core protein 4b OS=Yaba monkey tumor virus (strain VR587) OX=928314 PE=4 SV=1"
"MSWHLKYNVVLDEPKKCSKCFSNLFEYIVQDSETMKIMLEDQPKKLQTLKRFLSATRNKHFTYKILDEEIRRVLT","ETMKIMLED","KCSKCFSNLFEYI",NA,NA,NA,"tr|Q6TUS5|Q6TUS5_YMTV5 93L OS=Yaba monkey tumor virus (strain VR587) OX=928314 PE=4 SV=1"
"MAKKVSLQNIVISSPKSVVKTVKEEEMSSILPKYYRSVAEVTLSLNTNTDRCWFCYQNLVMKPHYFVETLKGGKVGVFCSSICRDSFSSIIKSHVAIREEPKITLLPLVFYKDPEKVVNIINTLKNKEGIYGSCFYKENDKSIQISLRSLF","FYKDPEKVVNIINT","VNIINTLK","CFYKENDKSIQIS",NA,NA,"tr|Q6TUS7|Q6TUS7_YMTV5 Viral late gene transcription factor 2 OS=Yaba monkey tumor virus (strain VR587) OX=928314 PE=4 SV=1"
"MMEHYSNFFVYITQNNRKLSKTYTIIDDSQRVFATGFNNQVLKFIKKISVCAILVTSDNKYIACSRNSSFLFSEIIRSKNQFRKKRLFLKYPNYLKKTERQILSSELNIKLSHDIEKDYSNIIFPGGMPKNGENVLSCLSREIKEEINVDNRHIFLDLRFFLHLLIEDLLTDKVYETILFMGKTTLSSKEISNNFLSNKEIKSLVFFDKSEDGLICEIVRLALSISKLKCFGNNGIKC","MPKNGENV","NFLSNKEI","INVDNRHIFLD","VFFDKSEDGLI","LFLKYPNYLKKT","tr|Q6TUS9|Q6TUS9_YMTV5 87R OS=Yaba monkey tumor virus (strain VR587) OX=928314 PE=3 SV=1"
"MAGSISDNEHVFVLKSIGVPSSHRQSEDPRFVDIFTCQELESYIEKNPTCTLFETLRDEEAYSVVRVFFDVDLDAVLDEIDYIAALEDFILEITNFVSRFSVLECDANQNIVLKCMRSNFSLTKSTNKNKTSFHMIFPDAYTTINTLIAMKKPLLEFIRSSENPLVRSIDPAVYRRKATLRIVGTRKFSNNDSVHIKQPPHCDISDYLFTYVKFHSNSCYFSLSKRLEDVLPSSLWEPNYIPFNEAIKKVSKIIMNDIINLKDLDINNFTTIPLVIDYVMPCALCKKKLHKHHHQLSMGNGMIKIYKAGNPHSCKVKAIMLEGNKLFTISQLIMDANVIRLTERGDHIVWIKNSWKFNNEENVITKLVLNMKDQLPLEYTPDILCPRKRKVIENNLKDMLVDTVETDTYPHILPFKNGVLDITSGSFYYGEESKKFICTVSTDFNFEMDKFLDNDSNEIKELTCIIDDIQPKTCENLKNRELYERTLSSCLCGSTKQCITFFFGETATGKSTTKRLLQSAIGDLFIETGQTILTDLMDKGPNPFISNMHLKRSVFCSELPDFACSGSKKIRADNVKKLTEPCIVGRSCFSNKINNRNHASIIIDTNYKPIFDRVDCALMRRVSLIKFRTHFSQPTNVEAAKSNSAYDDVKPLDENLDMKIQKKCYRFAFLNMLVKWYQKYHVPTMRLFPTPDAVPDFAFQLKVSSIIVASSSTHINMISKLSKIGYVIENDLIVLPSNLFQQKLAGYFNVKVHGHDIESFINRHKKFANVSEEYLEYIFIEDITSK","SNFSLTKST","VKVHGHDIES","FSVLECDA","LEDFILEITNFVSR","KVHGHDIESFI","tr|Q6TUT2|Q6TUT2_YMTV5 83R OS=Yaba monkey tumor virus (strain VR587) OX=928314 PE=4 SV=1"
"MKTIKLEHKPYVLEYHEDWEPVIEQFKILYDEVAKWIIKDETSPKPEFFFLQFKLPLNDKRVCVCGIDPYPRDATGVPFESPTFSKKTIRYIAESVSKITGITDYKGYNLNKIEGVFPWNYYLSCRLGETKSHALHWKKISKMLLQHISKHVSVLYCLGKTDFCTIRSILDSPVTTVVGYHPAARDKQFEKDCAFEVVNVLLEINGEAPIDWSQGFTYH","ETSPKPEFFFL","KDETSPKPEFFFL","KDETSPKPEF",NA,NA,"tr|Q6TUT3|Q6TUT3_YMTV5 Uracil-DNA glycosylase OS=Yaba monkey tumor virus (strain VR587) OX=928314 PE=3 SV=1"
"MDDKLKTISLTFFSGELSPVDIVAIKLFLLNKRPIETVFSIDGKNNFVLDFNYGSFLASNYTNINLKRLQRDEYIVYSSDIAKELTLYDIICDNVQDYINNSSKLKRVVKIYKCKKQNIKIKEARKSLKIATKRGVDYDYIKDSCVLNSR","TNINLKRLQRDEYI","LTLYDIICDNVQD","DFNYGSFLASNY","GSFLASNYT","LQRDEYIVYSS","tr|Q6TUT7|Q6TUT7_YMTV5 78R OS=Yaba monkey tumor virus (strain VR587) OX=928314 PE=4 SV=1"
"MESKKNLYFTPVFIEPTLKHSLLNSYKYTFIIFFEIFIVIILMFIFFKTEIIMSFDKVQSINNPIDKLKNTFLFCKENKMMIGGLPNNITTEALSVNKLPIVIDNCEDILMSINGSHKVSLDDIFRRQRFIL","PIDKLKNTFLFC","KHSLLNSYKY",NA,NA,NA,"tr|Q6TUU9|Q6TUU9_YMTV5 64R OS=Yaba monkey tumor virus (strain VR587) OX=928314 PE=4 SV=1"
"MGSTFTIPEDVKQNPPNKKPTREMNLNVDDMYSIISYLTQISDTLYVGSVSKEKKRQLEYIFPEFMFLESGPGNLTKVIRSRYNNDVNVCCKSFSLTSYWKNNDDISLLYKPNFILNSCDPDLKTSGYCDNTLFEWCQTNKYDKNVCNDWMKSLFIRRDGDLVVNKFISMCSNYVNTDICKDFLHTLRVQNTETTDNIIDYILYQQSDDFKNNFMKCSFPSEDKINESLKSLEPRECWDPECENANVNFLLTENYNNLGLCTINRCNVSINHLDVDSVSSVHMSCNGNNLISPSPVNREKVILDNINSSFNLKINLITILSLLIIWILIVAI","RSRYNNDVNVC","NVCCKSFSLT","VNREKVILDNI","TLRVQNTET","KPTREMNLN","tr|Q6TUV4|Q6TUV4_YMTV5 59R OS=Yaba monkey tumor virus (strain VR587) OX=928314 PE=4 SV=1"
"MSLRIKIDKLRQIVAYFSEFSEEVSINVDASSNIMYIFAALGGSVNIWAMVPLSSSVFYEGENNKVFNLPVSKVKSCLCSFHNDAIIEIEPNIENDLVKLSSYHIVSVSCNKELMPIRTDTCISLKINQKKSYVFNFHKYDEKCCARTVIHLELLLGFIKCISQYQHLTVLFKNDNIILKTPGNLDTFSREYSMTECSPDLQKFSFKMAIASLNKLRGFKKRVNVFETKIVMDNDDNVLGMLFSDRLQSFKINIFMSFQD","NFHKYDEKCCARTV","IASLNKLRGF","VIHLELLLGFIK",NA,NA,"tr|Q6TUV5|Q6TUV5_YMTV5 Late transcription factor 1 OS=Yaba monkey tumor virus (strain VR587) OX=928314 PE=3 SV=1"
"MIEQKQSVIFPIISKSIVRSVTENIKFNKDYINNKAKQLCYCNNSSYRESLINSIYTSFEHDIDVSDSDHLIKILKNLKPQSIYVCNSSEFWRLYNSLYRFTHSKSFFSTCNVTVVATLSTLLTLILSNKLLYAAEMVEGIEEYLFNLQKSPLQDLSDLLDMKYGLINLVQYKIFPLMLGYRDDNVKHGLYFGGFSNPPLEYNNEIEKLMELPIKTNIISDVYDYLIKKGVNTFNNYAEYVAGLKIEEVNNVPKKEDSKQMVGIHSPKEINSEAIKILKDSQKYSKGHVLDGSVTSPITKNETISNYIPFSSSDMTKFTLLEYLYMMRVMANSIKKKNCNLKCNGITLNINSPFKSITIPGTYSTK","DVYDYLIK","EINSEAIKILKDSQ","VSDSDHLIKILK","VATLSTLLTLI","IYVCNSSEFWR","tr|Q6TUV6|Q6TUV6_YMTV5 Assembly protein G7 OS=Yaba monkey tumor virus (strain VR587) OX=928314 PE=3 SV=1"
"MKKTLILFGKPFCGMCESISEVMKELEDEYDVLRINILSFFSKTGQIKEFEVDQSVVFINNFFKYLNINFASLFKYDPESGKIGFVNISKFFNLAMIDKSFVKNESLKEEIEKAPYCVWPPPKTE","LFKYDPESGKIG","LFKYDPESGKIGF","SFVKNESLKEEIEK",NA,NA,"tr|Q6TUW0|Q6TUW0_YMTV5 Glutaredoxin-2 OS=Yaba monkey tumor virus (strain VR587) OX=928314 PE=3 SV=1"
"MNNFIKNAAHKMYKPYKEVLPTSEKITLKECIISFNFENFYYLNEIVFNKNNNTLDDLSKSWAVMESFPYEKYVIKGIIQIIKKHAYINDIYFVPIGWLTGIDDLQTQHVVIKLVFTGYVIATVKNKVIEYCSFHSVKDLNITQTSKDLKISVFETPHNVPSALVSLFPFDTEYIMIVLFFGIYNDSYCGISYIPNKEKLYSVIEFLKPLVLEINLISDEVSKMTSLKIFNSTQQCAKFPEQKIISVCEIVQPLDKTKIDGFKINTPLNVKLFVKKKIVSLLDVPSNVNIKCVSSNGVDFITHIDDKRLDMILIIAKDDFVKDVIFSGTFKKENIVWKGCYTYRITESSFLTPKLKVINKTNKKKCKKNTFNNSTFTTKTGSYVI","NTPLNVKLFVKKKI","KIVSLLDVPSN","LKIFNSTQQCAKF","KISVFETPHN",NA,"tr|Q6TUW6|Q6TUW6_YMTV5 47L OS=Yaba monkey tumor virus (strain VR587) OX=928314 PE=4 SV=1"
"MALSTKEIFSAIGITCMALLMIISGGALTFKSLAPHRIIVMRSATFNKILSILEYVAILIFVPGTIALYSAYIKTLILG","LLMIISGGALTF","TIALYSAYIKTLI","YVAILIFV","VMRSATFNKIL",NA,"tr|Q6TUW7|Q6TUW7_YMTV5 46L OS=Yaba monkey tumor virus (strain VR587) OX=928314 PE=4 SV=1"
"MEEQIVLNNISARALKTYFTSKISDIVDELVIKKYPQKKKSQVKKPETRIPVDLIKEDFVKKFKLENYSSGVLTSLINSLVENNYFSSDGKLTEDAKKELVITEVEKKILSSISPSSPLYIDISDVKTLSSRLKTSASSFFFKDCTYNLEPDKIEELINQLSKNKAILLDEKSSVKDSVYLLTNELLDVLKTRLFRCPQVKDNFISKTRLYDYFTRVTKHDDLKIYVILKDEKIADILGIETIKIGSFIYTKHSMLVNSISVHIDRYSKKFQETFYENIAEFVRDNEKINVSKVVECLIVPSILLDED","LGIETIKIGSFIYT","EKKILSSISPSS","IYVILKDEKIA",NA,NA,"tr|Q6TUX0|Q6TUX0_YMTV5 43L OS=Yaba monkey tumor virus (strain VR587) OX=928314 PE=4 SV=1"
"MDSPGCENDVKTFSLVKNEVMMLNVDEYTTSIDISNKLKINKKKINKQLYKLQKEGVLKMVPSNPPKWFKNCNCEDSENNDNKLESRDHVPHHIFKDEIPYKKIISWKDKTPCTVINEYCQLTSRDWSIEVTTAGESHCPIFTASVIISGIKFKPEIGNTKKEAKHKASKITMEEILKSSIVKF","TAGESHCPIF","DEIPYKKIISWK","MMLNVDEY","KKKINKQLYKL",NA,"tr|Q6TUX8|Q6TUX8_YMTV5 34L OS=Yaba monkey tumor virus (strain VR587) OX=928314 PE=4 SV=1"
"MASSLKDKYYAHTPFFIDTKEGRYLVLKAIKVCDIRKVDCDVSKASCVLKVEKPTPTCDRPMSPCERRSSSPNGRNNSVIPFMRTNMLEDMQTNNRNVMSRILG","PTCDRPMSPCERR","PNGRNNSVIPFMR","PNGRNNSVIPFMR",NA,NA,"tr|Q6TUY1|Q6TUY1_YMTV5 31R OS=Yaba monkey tumor virus (strain VR587) OX=928314 PE=3 SV=1"
"MTFAIIVTSLVSLFDASIPFQLKICRQQCESLGETVVNEIKLFGYVNKKTLFTSKWVNVYNNDIDTIVFYHIKQLSIGIKKLYNILTKNRIYPIKIYFARDYLVFGGLPPSFKTITINLKTQNRIKIKKFINLISNTDDIDILKNFVRDNFGNVNVLLKLVKKNVLWITVILSNKNNSRLNVIKFKNFVYKIKKLDTKNDKLISEICNNLKSIKI","ITVILSNKNNS","LLKLVKKN","LLKLVKKNV","NTDDIDILKNFVR",NA,"tr|Q6TUY2|Q6TUY2_YMTV5 Protein OPG061 OS=Yaba monkey tumor virus (strain VR587) OX=928314 PE=3 SV=1"
"MDGDQKMINKVVITSKPCDIVDSSTSYNPTSDEIKKYGYCLNIKKPSSNKKQEVYLRNNYPSIISSNNRL","PSIISSNNR","KKQEVYLR",NA,NA,NA,"tr|Q6TUY9|Q6TUY9_YMTV5 23.5L OS=Yaba monkey tumor virus (strain VR587) OX=928314 PE=3 SV=1"
"MGGKYIRLIKRKINALNFLKKPFKKLYSRKLIELNDDCELCTNERIILIRDDDAFSFKIKKPCEVVVDDDDDIFI","LIELNDDCEL","KPFKKLYSRKLI",NA,NA,NA,"tr|Q6TUZ0|Q6TUZ0_YMTV5 22L OS=Yaba monkey tumor virus (strain VR587) OX=928314 PE=4 SV=1"
"MINCFINSSGSFISCKYWFFSPIPKAIVFISHGEGEHSLIYENLANELTKINIAVFSHDHIGHGKSQGERLSVTSFNVYLQDVMQHVGIFKRVYPNVPMFVLGHSMGSAIAILTSAKYPNIFDGVILLSPMINFSEKLSFCDIIKTYLCNIFYPSKIIHKINVNLLSNNKEENLLYNSDPYVCGNCGMSASFCYQMMRLTSKVKKKIKNVKIPIMVLHGTDNSVCDVKWSMYVVKSVKSHDITIKMYKGAKHDLHREKINIRDSVFNDIIAWLMNKSNISYYDMLI","SLIYENLANELTKI","VKIPIMVLH","SVKSHDITIKMYKG","GNCGMSASFCYQM",NA,"tr|Q6TUZ7|Q6TUZ7_YMTV5 13L OS=Yaba monkey tumor virus (strain VR587) OX=928314 PE=4 SV=1"
"MFVMPIFYVESGIKDYFSYPLHSAIYFLRDEKKVKHILKQGCDINQKADNSLTPLHYAVLTDNVEIVKLLLLKGVDVNATDRYGCSPLYYYIMTKKENYKIIKLLLDNGTDVNAVSSTRENLLHAFTEYGCRDTDVLKNIIKKTYDINLKNKWGKTPLSFAMEKDNMYVIKLLLQNGADPFTVSDNMDTLMHCFLNNRNLFQKVKLLLDIGLNPNSKNVDGDSPLHKICSVNPNLETVSLLVSKGADVNTINNDGNTPLHVYMYEYPDKFCKNIFIFLLDSGADININNKYSKQPFNILSCNREITINLIEIFIKKNVHVDNKNVYGYSPIHNLSNNPNINIVKRWLDYGANPNDKTVNGVTPTHISAKNKNTDVFKLIISKGGDVNAVDRFGNTPLHESVLNVSNLRYLISLGVKDVPNKRGETALFKAVKHNKLDSVKCLLQQSNNFLNYVTDDGNTCISECFNSLNEIIFNELIINKPDISTMIISLNNVNRSCNNLMLKKSIMYMLLLDSSFYVNDKRYICMYKFINECIREINVIKNVKIGYRNYSIFNILKNYNINLAVDYIDNSYLYNFVTLKHYGQSIKDIIERALYRKSLILDKIKKMDSICKNTHWFFIPMEIKLKIIKNIEDRYLE","KHNKLDSVKCL","SNNPNINIVKRW","LHESVLNVSNLRY","VESGIKDY","VDGDSPLHKIC","tr|Q6TUZ9|Q6TUZ9_YMTV5 11L OS=Yaba monkey tumor virus (strain VR587) OX=928314 PE=4 SV=1"
"MDFCPGYCLVDCLNRNDNIHQIIVDYIYWSMYAYRRRSPAGKVFRVLKTFRKDSEMVFGENFRHIVENFKTLGVENTAQAVKCFTVGKNALREAVAMVDLCASLADYWGGEDLPTDDSLQALRLMTMILSDVDYPFIELCLKVRLNKLKDNE","DSEMVFGE","DLPTDDSLQ","QALRLMTMILS","GGEDLPTDDSLQA",NA,"tr|Q6TV01|Q6TV01_YMTV5 6L OS=Yaba monkey tumor virus (strain VR587) OX=928314 PE=4 SV=1"
"MEYKYLITKYVRCINNQTFVNEFKKRFCFSDFDIDPTEDQIVKIFLKEPPQCTFYIIQLISKRIMKEGENLMLITELKKDDVYFEDMLYPELLDYRLADSMSTVSGILSFNIMMKEYFYFRQNNKNCNTYVGKIFKEIISYDQLAINHYGKSYIKNAIAEINSAKDSYSFSVYKRFKRKIDDTISVNIDLVKKIIGFISILSTYDNINNNNNPISYIFFDDISFYHRKMFKKYLDNLYP","NNQTFVNEFKKRFC","KKDDVYFEDM","YDQLAINH",NA,NA,"tr|Q6TV03|Q6TV03_YMTV5 4L OS=Yaba monkey tumor virus (strain VR587) OX=928314 PE=4 SV=1"
"MNKLILSLLGFVATCNCITLRYNYTVTVKNGLYDGVFFDYYNDQLVTRISYNHETRHGNVNSRASWFDISKSPHTPGDDYHFNFWYPLMKDTLESINSNKNESDKCSSLSLILGCYETGSLFGSYGYVESSGGPLARYSTKDKKFLKMTDKGFPKVGMLTVHGPSWQTVKKYVGGFVYAGCLLAIFDYQKMAKNNIPSNVMPTVTVTGEELQDGNTTLKCNVKSFYPPDVMIKWIESKYFNGEYRYVNGREYPEWGRQSDYEPGEPGFPLHPKKDDGKTTYSLLDFGRTTSGLTSQLVCVVFHDTFESQVNTCSEGCEGKLYDHLYRKSEEGDEVVEDEED","DGNTTLKCNVKS","LLGFVATCNCI","FESQVNTCSEGCEG","KNESDKCSSLSL","SEEGDEVVED","tr|Q6TV04|Q6TV04_YMTV5 2L OS=Yaba monkey tumor virus (strain VR587) OX=928314 PE=4 SV=1"
"MEVITDGVLRLKIFADEFKNIKEEIKFMLNSWDDSDVLRRRNSIPCEVVAVGKNKRTIPVFDAVKRVLSFSLGDYDVCVGDHLTVVKCFKGAGFDNRFNILTGDDGRRGVEYSLVVHLSIPEDGGETDICVSGNTVISTTEDFLLEDGCSQLSNVVSEGEKIVAAIKVFLKRKDKDVIFTLARSLRDVKFYDKEGDRDLCYSLVDVNSPFAEVERFGVISDRSGKCLLVNRHQKLVKKAIVEKTFADMCAEIAFEGFYDLVNVDGKDVAWKELGAVEEDIWVPSSEDDYSFLKELVDHVSCNLKTKVGYYVLSTCDDETLYVSFNVIRCYFSMR","IPCEVVAVGK","KVGYYVLSTCD","NRHQKLVKKA","KTFADMCA",NA,"tr|Q6TV05|Q6TV05_YMTV5 1L OS=Yaba monkey tumor virus (strain VR587) OX=928314 PE=4 SV=1"
"MGITHELDIFVTNEDLALKNIELFKGNSYGCFINLKVKEEKRFNMIFVLRPDWSEIDSVKPIRMTVNNNHVDVEKVSESIHEVVYSASFLISFNSLVKVFSDDPDKYKNVYPTVTINVPKKKFKVVDQGNTYMFIQYPIDDCDKERFLKDEFKYCDNEYDQYNDCDE","VYSASFLIS","SFLISFNS","KGNSYGCFINLKVK","VVDQGNTYMFI","VVDQGNTY","sp|Q9QBB4|VHR2_YMTV5 Probable host range protein 2 OS=Yaba monkey tumor virus (strain VR587) OX=928314 GN=67R PE=3 SV=1"
